/*M!999999\- enable the sandbox mode */ 
-- MariaDB dump 10.19  Distrib 10.11.11-MariaDB, for debian-linux-gnu (x86_64)
--
-- Host: localhost    Database: wiseekr
-- ------------------------------------------------------
-- Server version	10.11.11-MariaDB-0ubuntu0.24.04.2

/*!40101 SET @OLD_CHARACTER_SET_CLIENT=@@CHARACTER_SET_CLIENT */;
/*!40101 SET @OLD_CHARACTER_SET_RESULTS=@@CHARACTER_SET_RESULTS */;
/*!40101 SET @OLD_COLLATION_CONNECTION=@@COLLATION_CONNECTION */;
/*!40101 SET NAMES utf8mb4 */;
/*!40103 SET @OLD_TIME_ZONE=@@TIME_ZONE */;
/*!40103 SET TIME_ZONE='+00:00' */;
/*!40014 SET @OLD_UNIQUE_CHECKS=@@UNIQUE_CHECKS, UNIQUE_CHECKS=0 */;
/*!40014 SET @OLD_FOREIGN_KEY_CHECKS=@@FOREIGN_KEY_CHECKS, FOREIGN_KEY_CHECKS=0 */;
/*!40101 SET @OLD_SQL_MODE=@@SQL_MODE, SQL_MODE='NO_AUTO_VALUE_ON_ZERO' */;
/*!40111 SET @OLD_SQL_NOTES=@@SQL_NOTES, SQL_NOTES=0 */;

--
-- Table structure for table `access_points`
--

DROP TABLE IF EXISTS `access_points`;
/*!40101 SET @saved_cs_client     = @@character_set_client */;
/*!40101 SET character_set_client = utf8mb4 */;
CREATE TABLE `access_points` (
  `id` int(11) NOT NULL AUTO_INCREMENT,
  `bssid` varchar(17) NOT NULL,
  `essid` varchar(64) DEFAULT NULL,
  `counter` int(11) NOT NULL,
  `cracked_password` varchar(128) DEFAULT NULL,
  `scan_id` int(11) DEFAULT NULL,
  PRIMARY KEY (`id`),
  UNIQUE KEY `ix_access_points_bssid` (`bssid`),
  KEY `ix_access_points_scan_id` (`scan_id`),
  CONSTRAINT `fk_access_points_scan_id_scans` FOREIGN KEY (`scan_id`) REFERENCES `scans` (`id`)
) ENGINE=InnoDB AUTO_INCREMENT=47 DEFAULT CHARSET=utf8mb3 COLLATE=utf8mb3_bin;
/*!40101 SET character_set_client = @saved_cs_client */;

--
-- Dumping data for table `access_points`
--

LOCK TABLES `access_points` WRITE;
/*!40000 ALTER TABLE `access_points` DISABLE KEYS */;
INSERT INTO `access_points` VALUES
(31,'DC:39:6F:A1:93:07','FRITZ!Powerline 1260E',6,NULL,NULL),
(32,'32:C3:D9:4B:38:18','WLAN',6,NULL,NULL),
(33,'00:25:00:FF:94:73',NULL,6,NULL,NULL),
(34,'A0:D8:07:60:BC:96',NULL,6,NULL,NULL),
(35,'F8:0D:60:09:0E:A8',NULL,6,NULL,NULL),
(36,'CE:50:E3:6C:11:F1','WSM00000005296127',6,NULL,NULL),
(37,'74:42:7F:59:ED:B0',NULL,6,NULL,NULL),
(38,'FA:8F:CA:B1:B1:79','Familienzimmer.n069',6,NULL,NULL),
(39,'E0:28:6D:3B:83:14','FRITZ!Box Fon WLAN 7360',6,NULL,NULL),
(40,'DC:15:C8:4A:5A:DB','FRITZ!Box 7590 IO',6,NULL,NULL),
(41,'A0:D8:07:60:BC:94','WLAN1-A1R7JB',6,NULL,NULL),
(42,'74:42:7F:59:E9:2E','FRITZ!Box 7590 KC',6,NULL,NULL),
(43,'DC:39:6F:C3:58:4D','FRITZ!Box 7530 DP',6,NULL,NULL),
(44,'74:42:7F:59:ED:B1','Warleberg',6,NULL,NULL),
(45,'3C:37:12:2E:34:30','FRITZ!Box 7530 QV',6,NULL,NULL),
(46,'C0:25:06:F8:54:CC','Sputnik',2,NULL,NULL);
/*!40000 ALTER TABLE `access_points` ENABLE KEYS */;
UNLOCK TABLES;

--
-- Table structure for table `alembic_version`
--

DROP TABLE IF EXISTS `alembic_version`;
/*!40101 SET @saved_cs_client     = @@character_set_client */;
/*!40101 SET character_set_client = utf8mb4 */;
CREATE TABLE `alembic_version` (
  `version_num` varchar(32) NOT NULL,
  PRIMARY KEY (`version_num`)
) ENGINE=InnoDB DEFAULT CHARSET=utf8mb3 COLLATE=utf8mb3_bin;
/*!40101 SET character_set_client = @saved_cs_client */;

--
-- Dumping data for table `alembic_version`
--

LOCK TABLES `alembic_version` WRITE;
/*!40000 ALTER TABLE `alembic_version` DISABLE KEYS */;
INSERT INTO `alembic_version` VALUES
('5a26101ddbc4');
/*!40000 ALTER TABLE `alembic_version` ENABLE KEYS */;
UNLOCK TABLES;

--
-- Table structure for table `deauth_actions`
--

DROP TABLE IF EXISTS `deauth_actions`;
/*!40101 SET @saved_cs_client     = @@character_set_client */;
/*!40101 SET character_set_client = utf8mb4 */;
CREATE TABLE `deauth_actions` (
  `id` int(11) NOT NULL AUTO_INCREMENT,
  `scan_id` int(11) DEFAULT NULL,
  `mac` varchar(17) NOT NULL,
  `is_client` tinyint(1) NOT NULL,
  `started_at` datetime NOT NULL,
  `duration` int(11) NOT NULL,
  `packets` int(11) NOT NULL,
  `result_file` varchar(255) DEFAULT NULL,
  `success` tinyint(1) NOT NULL,
  PRIMARY KEY (`id`),
  KEY `fk_deauth_actions_scan_id_scans` (`scan_id`),
  CONSTRAINT `fk_deauth_actions_scan_id_scans` FOREIGN KEY (`scan_id`) REFERENCES `scans` (`id`)
) ENGINE=InnoDB AUTO_INCREMENT=9 DEFAULT CHARSET=utf8mb3 COLLATE=utf8mb3_bin;
/*!40101 SET character_set_client = @saved_cs_client */;

--
-- Dumping data for table `deauth_actions`
--

LOCK TABLES `deauth_actions` WRITE;
/*!40000 ALTER TABLE `deauth_actions` DISABLE KEYS */;
/*!40000 ALTER TABLE `deauth_actions` ENABLE KEYS */;
UNLOCK TABLES;

--
-- Table structure for table `followers`
--

DROP TABLE IF EXISTS `followers`;
/*!40101 SET @saved_cs_client     = @@character_set_client */;
/*!40101 SET character_set_client = utf8mb4 */;
CREATE TABLE `followers` (
  `follower_id` int(11) NOT NULL,
  `followed_id` int(11) NOT NULL,
  KEY `fk_followers_followed_id_users` (`followed_id`),
  KEY `fk_followers_follower_id_users` (`follower_id`),
  CONSTRAINT `fk_followers_followed_id_users` FOREIGN KEY (`followed_id`) REFERENCES `users` (`id`),
  CONSTRAINT `fk_followers_follower_id_users` FOREIGN KEY (`follower_id`) REFERENCES `users` (`id`)
) ENGINE=InnoDB DEFAULT CHARSET=utf8mb3 COLLATE=utf8mb3_bin;
/*!40101 SET character_set_client = @saved_cs_client */;

--
-- Dumping data for table `followers`
--

LOCK TABLES `followers` WRITE;
/*!40000 ALTER TABLE `followers` DISABLE KEYS */;
INSERT INTO `followers` VALUES
(1,5),
(2,1),
(2,5),
(3,10),
(3,5),
(3,6),
(5,9),
(5,6),
(5,3),
(6,7),
(7,4),
(7,6),
(7,10),
(9,2),
(9,6),
(9,8),
(10,5);
/*!40000 ALTER TABLE `followers` ENABLE KEYS */;
UNLOCK TABLES;

--
-- Table structure for table `posts`
--

DROP TABLE IF EXISTS `posts`;
/*!40101 SET @saved_cs_client     = @@character_set_client */;
/*!40101 SET character_set_client = utf8mb4 */;
CREATE TABLE `posts` (
  `id` int(11) NOT NULL AUTO_INCREMENT,
  `text` varchar(280) NOT NULL,
  `timestamp` datetime NOT NULL,
  `user_id` int(11) NOT NULL,
  PRIMARY KEY (`id`),
  KEY `ix_posts_timestamp` (`timestamp`),
  KEY `ix_posts_user_id` (`user_id`),
  CONSTRAINT `fk_posts_user_id_users` FOREIGN KEY (`user_id`) REFERENCES `users` (`id`)
) ENGINE=InnoDB AUTO_INCREMENT=104 DEFAULT CHARSET=utf8mb3 COLLATE=utf8mb3_bin;
/*!40101 SET character_set_client = @saved_cs_client */;

--
-- Dumping data for table `posts`
--

LOCK TABLES `posts` WRITE;
/*!40000 ALTER TABLE `posts` DISABLE KEYS */;
INSERT INTO `posts` VALUES
(1,'Per consider course same food government. Mouth best certain teacher challenge performance.','2025-04-17 11:39:57',6),
(2,'Decide finish anyone executive peace wind second. Sense democratic center deep technology particularly. Garden us cultural. Use reduce war treat message.','2025-03-23 17:44:15',10),
(3,'Manage police despite source important much. Development health answer fly keep. Huge develop common. Crime able speech.','2025-02-18 16:32:31',10),
(4,'Other avoid no poor wonder that. Media wife blue hour race interesting common. Away off box debate task trouble.','2025-02-16 19:38:05',5),
(5,'Light try usually see. Speak happen similar recently.','2025-03-03 19:50:17',6),
(6,'Plan our local author.','2025-03-17 16:57:20',9),
(7,'Around station yeah. Enjoy full movie meet get they. Tend pressure though his write former growth.','2025-01-16 23:14:57',10),
(8,'Goal job to lawyer term. Friend center response adult sell view blue. Way lose tough option these.','2025-03-04 09:43:40',4),
(9,'Us thank agreement realize develop.','2025-01-04 22:01:29',5),
(10,'Budget center nearly call join place. Program around quite government.','2025-01-19 01:48:38',7),
(11,'Father along stop health against family expert pull. Walk way poor thus benefit fish.','2025-03-07 10:56:32',9),
(12,'Necessary so charge. Wrong detail young behind.','2025-01-22 17:11:23',2),
(13,'Can occur night consider man wear check. Middle national home day.','2025-01-15 09:49:47',9),
(14,'Kid authority appear brother two. Style pattern speech civil act. Television result protect large machine.','2025-03-22 22:11:57',9),
(15,'Message back shake apply ball summer respond. Painting use enough watch right modern.','2025-03-17 23:15:26',2),
(16,'Share since recently. Low identify notice hard member feeling day. Security class including mention perhaps various.','2025-01-22 07:03:57',1),
(17,'Deep spend painting live style. Situation not catch letter black use. Right nice common leave early fire Democrat energy.','2025-03-22 03:40:02',4),
(18,'Stand military wish team speech unit. Local television among rule.','2025-01-09 16:55:56',3),
(19,'Way shake war finish Republican or.','2025-02-25 11:46:14',3),
(20,'Picture different only my. Hard local beautiful since. Green first individual along not.','2025-04-03 22:50:31',10),
(21,'Rate can accept note night. Shake create act author agreement significant themselves include.','2025-03-09 03:52:51',10),
(22,'Suddenly hospital story seem. Onto generation create important hot. Charge difficult also when.','2025-01-13 11:48:11',4),
(23,'Song short apply. Short state day southern guy lose.','2025-03-21 01:53:38',8),
(24,'Six include maybe dark into certainly. Term lot conference American early.','2025-03-25 22:46:44',5),
(25,'Order guy give white wife field.','2025-04-09 05:50:34',6),
(26,'Send last finish occur anyone. Others seem bag major show value decade.','2025-04-19 16:14:16',1),
(27,'Lose detail use concern laugh yet total. Hour care less wish.','2025-01-03 09:46:32',7),
(28,'Rich indicate any. Trip senior outside blood.','2025-01-03 01:02:30',8),
(29,'Do sport choose response remain me knowledge area. Relate read like audience something.','2025-01-11 00:35:33',9),
(30,'Responsibility interesting I person certain whom voice star. Position budget power push. Together team since whether.','2025-01-30 18:35:11',7),
(31,'People put seat five continue agent both list. Body despite improve high.','2025-04-13 18:21:16',8),
(32,'Play letter history. See hold anything maybe. Red add value image.','2025-03-31 14:30:56',2),
(33,'Standard create animal argue reveal entire white. Talk determine image food us page. Machine a organization sell indeed.','2025-02-15 05:15:05',9),
(34,'Compare trip actually actually side American. Student away rich by. Hour scientist task music specific partner herself.','2025-04-13 23:09:08',9),
(35,'Knowledge resource as religious arm right body. Event physical arm week.','2025-02-11 03:44:53',1),
(36,'Case must alone tree such watch. Plant sometimes early.','2025-02-09 20:12:34',2),
(37,'Wait affect military color raise senior agreement mouth.','2025-01-01 02:25:31',1),
(38,'Reach support toward available stage seven mouth. Data already perform. Across development a quickly. Yourself protect over the represent those.','2025-04-04 19:09:14',10),
(39,'Media design exist question shake. Nation thank particular thank account leader rest. Challenge through ten image detail vote.','2025-01-05 09:24:22',4),
(40,'High own not claim garden tough soldier. Last such before reduce produce. Now job court eat around condition land physical.','2025-01-27 15:14:07',8),
(41,'Investment fill save environmental do whom. Nature race series station play bit notice per.','2025-01-01 13:42:00',4),
(42,'Thousand letter record despite may up. With particularly follow better much. Century pick unit before.','2025-01-20 10:39:23',7),
(43,'According financial ask mouth night.','2025-03-06 09:27:12',6),
(44,'Gas moment rich ahead national political. Lay drug blue.','2025-01-29 02:47:57',10),
(45,'Republican plant by to thought. Gas red industry air first.','2025-03-10 18:18:16',6),
(46,'Seem personal half accept ahead call network. Number say ok television so word. Eat explain group save question seem treat.','2025-03-26 22:54:02',9),
(47,'Line kind family Democrat maintain. Factor several doctor white.','2025-02-12 22:06:02',9),
(48,'Street mind option recognize receive question bring. Understand drug management rather catch we.','2025-02-14 06:13:27',3),
(49,'Hair chance subject stand. Notice pay TV service. Method amount defense certainly.','2025-03-13 04:29:25',2),
(50,'Turn any already.','2025-03-08 07:11:39',9),
(51,'Particularly organization night serious. Behavior ever free property drug such computer opportunity.','2025-02-25 01:19:17',4),
(52,'Perhaps speech east car. Ten candidate can contain create story. Four series but.','2025-02-04 14:37:42',3),
(53,'Probably science base poor. Drive bill American heavy floor.','2025-04-08 07:11:45',3),
(54,'School leader article. Scene social camera mention wrong a bank surface. Worker safe her well.','2025-03-31 21:13:07',2),
(55,'Visit television prevent. Citizen senior throughout chance key know.','2025-02-09 09:50:47',9),
(56,'All close produce officer.','2025-01-21 04:54:31',1),
(57,'Project commercial effect southern year since management. Idea throw agent popular citizen letter six hospital.','2025-01-04 06:04:58',7),
(58,'Instead lay much their effort. Charge focus change way area wall food. Better section begin boy pick.','2025-03-01 20:03:26',6),
(59,'Politics its similar challenge economy. Many pull market thought every better.','2025-03-06 13:32:39',8),
(60,'Bag hour toward. Everybody your summer. School forget teacher not factor. Executive guess above letter.','2025-04-08 18:59:22',7),
(61,'There owner leave. Pressure market case someone maintain draw. Door maintain recently month surface. Age coach keep learn million any effort.','2025-03-19 22:19:58',10),
(62,'No father remain art. Know drive authority same box.','2025-01-31 01:38:02',3),
(63,'Teacher mouth part peace expert rule budget quality. Hour anything little lot have since.','2025-03-26 22:42:21',8),
(64,'Minute high open. Audience stock activity result international.','2025-01-27 22:09:51',3),
(65,'Cost while compare use. Soon range what part. Toward without consider sport old key together.','2025-03-13 11:41:31',1),
(66,'Into interview treatment feeling until. Material future peace.','2025-03-24 20:57:43',3),
(67,'Environmental message would people when. Property production nation.','2025-01-11 18:55:49',9),
(68,'Where form fall list laugh tell item. Memory other push.','2025-02-11 01:48:37',5),
(69,'None window thought option. Grow walk PM force something.','2025-04-01 23:10:39',9),
(70,'Interest occur officer campaign like. Threat prevent control want blue strategy.','2025-01-11 07:07:45',3),
(71,'Town realize shake voice. Question administration quality popular voice safe. Opportunity day only push.','2025-01-26 12:14:14',1),
(72,'Interest yard finally page expect all. Item just tax article run teacher several.','2025-04-03 12:33:21',9),
(73,'Month popular size evening democratic build network. Power become media attorney. Only team spring country.','2025-01-27 19:20:33',3),
(74,'Nothing guy religious special. System believe fall single personal.','2025-03-13 12:06:01',4),
(75,'Month those policy yes yet day. Peace get leader hope front system create. Learn cause nearly know compare son maintain.','2025-02-10 21:13:19',7),
(76,'Herself continue guess.','2025-01-02 07:12:22',6),
(77,'Marriage term here occur that agreement.','2025-03-20 12:57:56',5),
(78,'Meet particular only. Shake surface middle eat religious sign. Man consumer the often.','2025-01-04 13:27:37',6),
(79,'Write property this cell begin yourself avoid. Now people gun how fly yard environmental.','2025-02-09 06:57:27',9),
(80,'Offer research community stay animal rather. Various job believe model. Thing morning movie lead debate.','2025-01-28 00:38:38',9),
(81,'Safe sort fight great question simple table get. Watch hour there box doctor some.','2025-04-05 00:30:27',10),
(82,'Pm fly spend reality drive. Building kid again world wind.','2025-01-18 06:59:56',8),
(83,'Worker theory at current single kind. Rest range rather happy street happen project.','2025-04-19 12:36:05',3),
(84,'Art at look discussion want. Life system health role ground however which. Detail ask enter.','2025-01-20 09:32:21',1),
(85,'Minute public life thus only compare. Trouble without can beautiful six face against collection.','2025-02-25 01:59:25',7),
(86,'Production performance that range picture. Finish member risk method.','2025-02-11 12:08:54',10),
(87,'Expert much quickly tell few. Usually particularly prepare.','2025-03-24 14:50:40',2),
(88,'City age chance likely bank minute threat. Including book suddenly deep pull. Individual analysis pull. Democrat rest point seem without job.','2025-02-07 18:35:22',6),
(89,'Want month suddenly few turn science follow. Many claim find rise share investment. Scene place city base.','2025-01-15 07:58:56',8),
(90,'Why line Mrs husband yard break people. Question strategy house traditional. Floor hit very organization discuss pressure person.','2025-01-10 11:09:29',1),
(91,'Both name social air.','2025-02-11 16:12:48',1),
(92,'Military matter alone will glass. History serve eat bank position represent. Street we blood nor attorney.','2025-01-24 19:45:07',5),
(93,'Itself nature product station page. Wish through officer year people blood. Management water many quickly animal she.','2025-02-05 03:24:24',8),
(94,'Do special good several police. Trip both strong stand thought.','2025-02-05 07:19:08',8),
(95,'She blue charge test move rich city. Mission arm certainly than movement natural idea. Movement when performance relationship child.','2025-01-11 19:21:30',6),
(96,'Body and base between. Save argue source mother nation including. With campaign president network ground. Level someone call throw hot them lose.','2025-02-04 14:10:01',9),
(97,'Wear radio voice either purpose too Mr shoulder. Pm military force quite still career. Whole sort year director create.','2025-01-11 08:20:09',8),
(98,'Charge child almost food wear husband article itself. Scientist blood trouble. Idea ask allow increase.','2025-01-15 04:46:54',5),
(99,'Million sometimes stop program accept question. Cell tough simply arm.','2025-03-15 16:00:12',1),
(100,'Record source management today what mention. Last interest tend protect base relationship country.','2025-02-08 17:50:42',2),
(101,'neu','2025-04-21 08:47:50',11),
(102,'hsdhdsh','2025-04-22 15:44:51',11),
(103,'test','2025-04-25 14:34:31',11);
/*!40000 ALTER TABLE `posts` ENABLE KEYS */;
UNLOCK TABLES;

--
-- Table structure for table `scan_access_points`
--

DROP TABLE IF EXISTS `scan_access_points`;
/*!40101 SET @saved_cs_client     = @@character_set_client */;
/*!40101 SET character_set_client = utf8mb4 */;
CREATE TABLE `scan_access_points` (
  `id` int(11) NOT NULL AUTO_INCREMENT,
  `scan_id` int(11) NOT NULL,
  `access_point_id` int(11) NOT NULL,
  `first_seen` datetime NOT NULL,
  `last_seen` datetime NOT NULL,
  `channel` int(11) NOT NULL,
  `speed` int(11) NOT NULL,
  `privacy` varchar(64) DEFAULT NULL,
  `cipher` varchar(64) DEFAULT NULL,
  `authentication` varchar(64) DEFAULT NULL,
  `power` int(11) NOT NULL,
  `beacons` int(11) NOT NULL,
  `iv` int(11) NOT NULL,
  `lan_ip` varchar(45) DEFAULT NULL,
  `id_length` int(11) NOT NULL,
  `key` varchar(256) DEFAULT NULL,
  PRIMARY KEY (`id`),
  KEY `fk_scan_access_points_access_point_id_access_points` (`access_point_id`),
  KEY `fk_scan_access_points_scan_id_scans` (`scan_id`),
  CONSTRAINT `fk_scan_access_points_access_point_id_access_points` FOREIGN KEY (`access_point_id`) REFERENCES `access_points` (`id`),
  CONSTRAINT `fk_scan_access_points_scan_id_scans` FOREIGN KEY (`scan_id`) REFERENCES `scans` (`id`)
) ENGINE=InnoDB AUTO_INCREMENT=123 DEFAULT CHARSET=utf8mb3 COLLATE=utf8mb3_bin;
/*!40101 SET character_set_client = @saved_cs_client */;

--
-- Dumping data for table `scan_access_points`
--

LOCK TABLES `scan_access_points` WRITE;
/*!40000 ALTER TABLE `scan_access_points` DISABLE KEYS */;
INSERT INTO `scan_access_points` VALUES
(31,3,31,'2022-09-09 12:14:40','2022-09-09 13:37:38',11,360,'WPA2','CCMP','PSK',-88,0,11,'0.  0.  0.  0',21,NULL),
(32,3,32,'2022-09-09 12:09:49','2022-09-09 12:10:04',1,65,'WPA2','CCMP','PSK',-87,3,0,'0.  0.  0.  0',4,NULL),
(33,3,33,'2022-09-09 12:18:04','2022-09-09 12:18:24',-1,-1,NULL,NULL,NULL,-1,0,0,'0.  0.  0.  0',0,NULL),
(34,3,34,'2022-09-09 12:33:59','2022-09-09 12:33:59',6,-1,NULL,NULL,NULL,-1,0,0,'0.  0.  0.  0',0,NULL),
(35,3,35,'2022-09-09 12:11:40','2022-09-09 13:32:44',-1,-1,NULL,NULL,NULL,-78,0,0,'0.  0.  0.  0',0,NULL),
(36,3,36,'2022-09-09 13:42:23','2022-09-09 13:42:23',1,48,NULL,'CCMP TKIP','PSK',-88,0,0,'0.  0.  0.  0',17,NULL),
(37,3,37,'2022-09-09 12:19:21','2022-09-09 13:42:35',10,-1,NULL,NULL,NULL,-1,0,0,'0.  0.  0.  0',0,NULL),
(38,3,38,'2022-09-09 12:09:23','2022-09-09 13:49:50',6,270,'OPN',NULL,NULL,-88,855,0,'0.  0.  0.  0',19,NULL),
(39,3,39,'2022-09-09 12:09:16','2022-09-09 13:49:56',11,130,'WPA','CCMP TKIP','PSK',-76,5091,34,'0.  0.  0.  0',23,NULL),
(40,3,40,'2022-09-09 12:10:29','2022-09-09 13:49:56',6,720,'WPA2','CCMP','PSK',-88,84,75,'0.  0.  0.  0',17,NULL),
(41,3,41,'2022-09-09 12:09:16','2022-09-09 13:49:57',11,270,'WPA','CCMP TKIP','PSK',-73,6334,201,'0.  0.  0.  0',12,NULL),
(42,3,42,'2022-09-09 12:09:23','2022-09-09 13:49:50',6,720,'WPA2','CCMP','PSK',-88,230,246,'0.  0.  0.  0',17,NULL),
(43,3,43,'2022-09-09 12:09:17','2022-09-09 13:49:56',6,360,'WPA2','CCMP','PSK',-56,2253,909,'0.  0.  0.  0',17,NULL),
(44,3,44,'2022-09-09 12:09:23','2022-09-09 13:49:57',6,720,'WPA2','CCMP','PSK',-54,2272,2039,'0.  0.  0.  0',9,NULL),
(45,3,45,'2022-09-09 12:09:23','2022-09-09 13:49:56',6,360,'WPA2','CCMP','PSK',-63,2257,4707,'0.  0.  0.  0',17,NULL),
(46,4,31,'2022-09-09 12:14:40','2022-09-09 13:37:38',11,360,'WPA2','CCMP','PSK',-88,0,11,'0.  0.  0.  0',21,NULL),
(47,4,32,'2022-09-09 12:09:49','2022-09-09 12:10:04',1,65,'WPA2','CCMP','PSK',-87,3,0,'0.  0.  0.  0',4,NULL),
(48,4,33,'2022-09-09 12:18:04','2022-09-09 12:18:24',-1,-1,NULL,NULL,NULL,-1,0,0,'0.  0.  0.  0',0,NULL),
(49,4,34,'2022-09-09 12:33:59','2022-09-09 12:33:59',6,-1,NULL,NULL,NULL,-1,0,0,'0.  0.  0.  0',0,NULL),
(50,4,35,'2022-09-09 12:11:40','2022-09-09 13:32:44',-1,-1,NULL,NULL,NULL,-78,0,0,'0.  0.  0.  0',0,NULL),
(51,4,36,'2022-09-09 13:42:23','2022-09-09 13:42:23',1,48,NULL,'CCMP TKIP','PSK',-88,0,0,'0.  0.  0.  0',17,NULL),
(52,4,37,'2022-09-09 12:19:21','2022-09-09 13:42:35',10,-1,NULL,NULL,NULL,-1,0,0,'0.  0.  0.  0',0,NULL),
(53,4,38,'2022-09-09 12:09:23','2022-09-09 13:49:50',6,270,'OPN',NULL,NULL,-88,855,0,'0.  0.  0.  0',19,NULL),
(54,4,39,'2022-09-09 12:09:16','2022-09-09 13:49:56',11,130,'WPA','CCMP TKIP','PSK',-76,5091,34,'0.  0.  0.  0',23,NULL),
(55,4,40,'2022-09-09 12:10:29','2022-09-09 13:49:56',6,720,'WPA2','CCMP','PSK',-88,84,75,'0.  0.  0.  0',17,NULL),
(56,4,41,'2022-09-09 12:09:16','2022-09-09 13:49:57',11,270,'WPA','CCMP TKIP','PSK',-73,6334,201,'0.  0.  0.  0',12,NULL),
(57,4,42,'2022-09-09 12:09:23','2022-09-09 13:49:50',6,720,'WPA2','CCMP','PSK',-88,230,246,'0.  0.  0.  0',17,NULL),
(58,4,43,'2022-09-09 12:09:17','2022-09-09 13:49:56',6,360,'WPA2','CCMP','PSK',-56,2253,909,'0.  0.  0.  0',17,NULL),
(59,4,44,'2022-09-09 12:09:23','2022-09-09 13:49:57',6,720,'WPA2','CCMP','PSK',-54,2272,2039,'0.  0.  0.  0',9,NULL),
(60,4,45,'2022-09-09 12:09:23','2022-09-09 13:49:56',6,360,'WPA2','CCMP','PSK',-63,2257,4707,'0.  0.  0.  0',17,NULL),
(61,5,31,'2022-09-09 12:14:40','2022-09-09 13:37:38',11,360,'WPA2','CCMP','PSK',-88,0,11,'0.  0.  0.  0',21,NULL),
(62,5,32,'2022-09-09 12:09:49','2022-09-09 12:10:04',1,65,'WPA2','CCMP','PSK',-87,3,0,'0.  0.  0.  0',4,NULL),
(63,5,33,'2022-09-09 12:18:04','2022-09-09 12:18:24',-1,-1,NULL,NULL,NULL,-1,0,0,'0.  0.  0.  0',0,NULL),
(64,5,34,'2022-09-09 12:33:59','2022-09-09 12:33:59',6,-1,NULL,NULL,NULL,-1,0,0,'0.  0.  0.  0',0,NULL),
(65,5,35,'2022-09-09 12:11:40','2022-09-09 13:32:44',-1,-1,NULL,NULL,NULL,-78,0,0,'0.  0.  0.  0',0,NULL),
(66,5,36,'2022-09-09 13:42:23','2022-09-09 13:42:23',1,48,NULL,'CCMP TKIP','PSK',-88,0,0,'0.  0.  0.  0',17,NULL),
(67,5,37,'2022-09-09 12:19:21','2022-09-09 13:42:35',10,-1,NULL,NULL,NULL,-1,0,0,'0.  0.  0.  0',0,NULL),
(68,5,38,'2022-09-09 12:09:23','2022-09-09 13:49:50',6,270,'OPN',NULL,NULL,-88,855,0,'0.  0.  0.  0',19,NULL),
(69,5,39,'2022-09-09 12:09:16','2022-09-09 13:49:56',11,130,'WPA','CCMP TKIP','PSK',-76,5091,34,'0.  0.  0.  0',23,NULL),
(70,5,40,'2022-09-09 12:10:29','2022-09-09 13:49:56',6,720,'WPA2','CCMP','PSK',-88,84,75,'0.  0.  0.  0',17,NULL),
(71,5,41,'2022-09-09 12:09:16','2022-09-09 13:49:57',11,270,'WPA','CCMP TKIP','PSK',-73,6334,201,'0.  0.  0.  0',12,NULL),
(72,5,42,'2022-09-09 12:09:23','2022-09-09 13:49:50',6,720,'WPA2','CCMP','PSK',-88,230,246,'0.  0.  0.  0',17,NULL),
(73,5,43,'2022-09-09 12:09:17','2022-09-09 13:49:56',6,360,'WPA2','CCMP','PSK',-56,2253,909,'0.  0.  0.  0',17,NULL),
(74,5,44,'2022-09-09 12:09:23','2022-09-09 13:49:57',6,720,'WPA2','CCMP','PSK',-54,2272,2039,'0.  0.  0.  0',9,NULL),
(75,5,45,'2022-09-09 12:09:23','2022-09-09 13:49:56',6,360,'WPA2','CCMP','PSK',-63,2257,4707,'0.  0.  0.  0',17,NULL),
(76,6,31,'2022-09-09 12:14:40','2022-09-09 13:37:38',11,360,'WPA2','CCMP','PSK',-88,0,11,'0.  0.  0.  0',21,NULL),
(77,6,32,'2022-09-09 12:09:49','2022-09-09 12:10:04',1,65,'WPA2','CCMP','PSK',-87,3,0,'0.  0.  0.  0',4,NULL),
(78,6,33,'2022-09-09 12:18:04','2022-09-09 12:18:24',-1,-1,NULL,NULL,NULL,-1,0,0,'0.  0.  0.  0',0,NULL),
(79,6,34,'2022-09-09 12:33:59','2022-09-09 12:33:59',6,-1,NULL,NULL,NULL,-1,0,0,'0.  0.  0.  0',0,NULL),
(80,6,35,'2022-09-09 12:11:40','2022-09-09 13:32:44',-1,-1,NULL,NULL,NULL,-78,0,0,'0.  0.  0.  0',0,NULL),
(81,6,36,'2022-09-09 13:42:23','2022-09-09 13:42:23',1,48,NULL,'CCMP TKIP','PSK',-88,0,0,'0.  0.  0.  0',17,NULL),
(82,6,37,'2022-09-09 12:19:21','2022-09-09 13:42:35',10,-1,NULL,NULL,NULL,-1,0,0,'0.  0.  0.  0',0,NULL),
(83,6,38,'2022-09-09 12:09:23','2022-09-09 13:49:50',6,270,'OPN',NULL,NULL,-88,855,0,'0.  0.  0.  0',19,NULL),
(84,6,39,'2022-09-09 12:09:16','2022-09-09 13:49:56',11,130,'WPA','CCMP TKIP','PSK',-76,5091,34,'0.  0.  0.  0',23,NULL),
(85,6,40,'2022-09-09 12:10:29','2022-09-09 13:49:56',6,720,'WPA2','CCMP','PSK',-88,84,75,'0.  0.  0.  0',17,NULL),
(86,6,41,'2022-09-09 12:09:16','2022-09-09 13:49:57',11,270,'WPA','CCMP TKIP','PSK',-73,6334,201,'0.  0.  0.  0',12,NULL),
(87,6,42,'2022-09-09 12:09:23','2022-09-09 13:49:50',6,720,'WPA2','CCMP','PSK',-88,230,246,'0.  0.  0.  0',17,NULL),
(88,6,43,'2022-09-09 12:09:17','2022-09-09 13:49:56',6,360,'WPA2','CCMP','PSK',-56,2253,909,'0.  0.  0.  0',17,NULL),
(89,6,44,'2022-09-09 12:09:23','2022-09-09 13:49:57',6,720,'WPA2','CCMP','PSK',-54,2272,2039,'0.  0.  0.  0',9,NULL),
(90,6,45,'2022-09-09 12:09:23','2022-09-09 13:49:56',6,360,'WPA2','CCMP','PSK',-63,2257,4707,'0.  0.  0.  0',17,NULL),
(91,7,31,'2022-09-09 12:14:40','2022-09-09 13:37:38',11,360,'WPA2','CCMP','PSK',-88,0,11,'0.  0.  0.  0',21,NULL),
(92,7,32,'2022-09-09 12:09:49','2022-09-09 12:10:04',1,65,'WPA2','CCMP','PSK',-87,3,0,'0.  0.  0.  0',4,NULL),
(93,7,33,'2022-09-09 12:18:04','2022-09-09 12:18:24',-1,-1,NULL,NULL,NULL,-1,0,0,'0.  0.  0.  0',0,NULL),
(94,7,34,'2022-09-09 12:33:59','2022-09-09 12:33:59',6,-1,NULL,NULL,NULL,-1,0,0,'0.  0.  0.  0',0,NULL),
(95,7,35,'2022-09-09 12:11:40','2022-09-09 13:32:44',-1,-1,NULL,NULL,NULL,-78,0,0,'0.  0.  0.  0',0,NULL),
(96,7,36,'2022-09-09 13:42:23','2022-09-09 13:42:23',1,48,NULL,'CCMP TKIP','PSK',-88,0,0,'0.  0.  0.  0',17,NULL),
(97,7,37,'2022-09-09 12:19:21','2022-09-09 13:42:35',10,-1,NULL,NULL,NULL,-1,0,0,'0.  0.  0.  0',0,NULL),
(98,7,38,'2022-09-09 12:09:23','2022-09-09 13:49:50',6,270,'OPN',NULL,NULL,-88,855,0,'0.  0.  0.  0',19,NULL),
(99,7,39,'2022-09-09 12:09:16','2022-09-09 13:49:56',11,130,'WPA','CCMP TKIP','PSK',-76,5091,34,'0.  0.  0.  0',23,NULL),
(100,7,40,'2022-09-09 12:10:29','2022-09-09 13:49:56',6,720,'WPA2','CCMP','PSK',-88,84,75,'0.  0.  0.  0',17,NULL),
(101,7,41,'2022-09-09 12:09:16','2022-09-09 13:49:57',11,270,'WPA','CCMP TKIP','PSK',-73,6334,201,'0.  0.  0.  0',12,NULL),
(102,7,42,'2022-09-09 12:09:23','2022-09-09 13:49:50',6,720,'WPA2','CCMP','PSK',-88,230,246,'0.  0.  0.  0',17,NULL),
(103,7,43,'2022-09-09 12:09:17','2022-09-09 13:49:56',6,360,'WPA2','CCMP','PSK',-56,2253,909,'0.  0.  0.  0',17,NULL),
(104,7,44,'2022-09-09 12:09:23','2022-09-09 13:49:57',6,720,'WPA2','CCMP','PSK',-54,2272,2039,'0.  0.  0.  0',9,NULL),
(105,7,45,'2022-09-09 12:09:23','2022-09-09 13:49:56',6,360,'WPA2','CCMP','PSK',-63,2257,4707,'0.  0.  0.  0',17,NULL),
(106,8,46,'2022-12-28 16:02:22','2022-12-28 16:03:19',1,195,'WPA2','CCMP','PSK',-81,498,857,'0.  0.  0.  0',7,NULL),
(107,10,31,'2022-09-09 12:14:40','2022-09-09 13:37:38',11,360,'WPA2','CCMP','PSK',-88,0,11,'0.  0.  0.  0',21,NULL),
(108,10,32,'2022-09-09 12:09:49','2022-09-09 12:10:04',1,65,'WPA2','CCMP','PSK',-87,3,0,'0.  0.  0.  0',4,NULL),
(109,10,33,'2022-09-09 12:18:04','2022-09-09 12:18:24',-1,-1,NULL,NULL,NULL,-1,0,0,'0.  0.  0.  0',0,NULL),
(110,10,34,'2022-09-09 12:33:59','2022-09-09 12:33:59',6,-1,NULL,NULL,NULL,-1,0,0,'0.  0.  0.  0',0,NULL),
(111,10,35,'2022-09-09 12:11:40','2022-09-09 13:32:44',-1,-1,NULL,NULL,NULL,-78,0,0,'0.  0.  0.  0',0,NULL),
(112,10,36,'2022-09-09 13:42:23','2022-09-09 13:42:23',1,48,NULL,'CCMP TKIP','PSK',-88,0,0,'0.  0.  0.  0',17,NULL),
(113,10,37,'2022-09-09 12:19:21','2022-09-09 13:42:35',10,-1,NULL,NULL,NULL,-1,0,0,'0.  0.  0.  0',0,NULL),
(114,10,38,'2022-09-09 12:09:23','2022-09-09 13:49:50',6,270,'OPN',NULL,NULL,-88,855,0,'0.  0.  0.  0',19,NULL),
(115,10,39,'2022-09-09 12:09:16','2022-09-09 13:49:56',11,130,'WPA','CCMP TKIP','PSK',-76,5091,34,'0.  0.  0.  0',23,NULL),
(116,10,40,'2022-09-09 12:10:29','2022-09-09 13:49:56',6,720,'WPA2','CCMP','PSK',-88,84,75,'0.  0.  0.  0',17,NULL),
(117,10,41,'2022-09-09 12:09:16','2022-09-09 13:49:57',11,270,'WPA','CCMP TKIP','PSK',-73,6334,201,'0.  0.  0.  0',12,NULL),
(118,10,42,'2022-09-09 12:09:23','2022-09-09 13:49:50',6,720,'WPA2','CCMP','PSK',-88,230,246,'0.  0.  0.  0',17,NULL),
(119,10,43,'2022-09-09 12:09:17','2022-09-09 13:49:56',6,360,'WPA2','CCMP','PSK',-56,2253,909,'0.  0.  0.  0',17,NULL),
(120,10,44,'2022-09-09 12:09:23','2022-09-09 13:49:57',6,720,'WPA2','CCMP','PSK',-54,2272,2039,'0.  0.  0.  0',9,NULL),
(121,10,45,'2022-09-09 12:09:23','2022-09-09 13:49:56',6,360,'WPA2','CCMP','PSK',-63,2257,4707,'0.  0.  0.  0',17,NULL),
(122,11,46,'2022-12-28 16:02:22','2022-12-28 16:03:19',1,195,'WPA2','CCMP','PSK',-81,498,857,'0.  0.  0.  0',7,NULL);
/*!40000 ALTER TABLE `scan_access_points` ENABLE KEYS */;
UNLOCK TABLES;

--
-- Table structure for table `scan_stations`
--

DROP TABLE IF EXISTS `scan_stations`;
/*!40101 SET @saved_cs_client     = @@character_set_client */;
/*!40101 SET character_set_client = utf8mb4 */;
CREATE TABLE `scan_stations` (
  `id` int(11) NOT NULL AUTO_INCREMENT,
  `scan_id` int(11) NOT NULL,
  `station_id` int(11) NOT NULL,
  `first_seen` datetime NOT NULL,
  `last_seen` datetime NOT NULL,
  `power` int(11) NOT NULL,
  `packets` int(11) NOT NULL,
  `bssid` varchar(17) DEFAULT NULL,
  `probed_essids` text DEFAULT NULL,
  PRIMARY KEY (`id`),
  KEY `fk_scan_stations_scan_id_scans` (`scan_id`),
  KEY `fk_scan_stations_station_id_stations` (`station_id`),
  CONSTRAINT `fk_scan_stations_scan_id_scans` FOREIGN KEY (`scan_id`) REFERENCES `scans` (`id`),
  CONSTRAINT `fk_scan_stations_station_id_stations` FOREIGN KEY (`station_id`) REFERENCES `stations` (`id`)
) ENGINE=InnoDB AUTO_INCREMENT=2395 DEFAULT CHARSET=utf8mb3 COLLATE=utf8mb3_bin;
/*!40101 SET character_set_client = @saved_cs_client */;

--
-- Dumping data for table `scan_stations`
--

LOCK TABLES `scan_stations` WRITE;
/*!40000 ALTER TABLE `scan_stations` DISABLE KEYS */;
INSERT INTO `scan_stations` VALUES
(595,3,595,'2022-09-09 13:48:24','2022-09-09 13:48:24',-49,2,'(not associated)',''),
(596,3,596,'2022-09-09 13:05:25','2022-09-09 13:47:49',-85,35,'E0:28:6D:3B:83:14','WLAN-747745'),
(597,3,597,'2022-09-09 13:47:25','2022-09-09 13:47:25',-87,1,'(not associated)',''),
(598,3,598,'2022-09-09 12:13:54','2022-09-09 13:47:15',-55,163,'74:42:7F:59:ED:B1','Warleberg'),
(599,3,599,'2022-09-09 13:46:47','2022-09-09 13:46:47',-84,1,'(not associated)',''),
(600,3,600,'2022-09-09 12:14:20','2022-09-09 13:46:51',-84,78,'74:42:7F:59:ED:B1','Warleberg'),
(601,3,601,'2022-09-09 13:46:48','2022-09-09 13:46:48',-85,1,'(not associated)',''),
(602,3,602,'2022-09-09 13:46:48','2022-09-09 13:46:48',-88,2,'(not associated)',''),
(603,3,603,'2022-09-09 12:20:33','2022-09-09 13:46:48',-88,56,'(not associated)',''),
(604,3,604,'2022-09-09 12:18:13','2022-09-09 13:46:14',-67,29,'(not associated)','Warleberg'),
(605,3,605,'2022-09-09 13:46:15','2022-09-09 13:46:15',-84,1,'(not associated)',''),
(606,3,606,'2022-09-09 13:45:14','2022-09-09 13:45:14',-82,2,'(not associated)',''),
(607,3,607,'2022-09-09 13:45:10','2022-09-09 13:45:10',-88,2,'(not associated)',''),
(608,3,608,'2022-09-09 13:44:59','2022-09-09 13:44:59',-82,5,'(not associated)',''),
(609,3,609,'2022-09-09 13:45:03','2022-09-09 13:45:03',-85,4,'(not associated)',''),
(610,3,610,'2022-09-09 13:44:29','2022-09-09 13:44:35',-53,13,'(not associated)','Warleberg'),
(611,3,611,'2022-09-09 13:44:38','2022-09-09 13:44:38',-87,1,'(not associated)',''),
(612,3,612,'2022-09-09 13:44:13','2022-09-09 13:44:13',-83,1,'(not associated)',''),
(613,3,613,'2022-09-09 12:19:21','2022-09-09 13:42:35',-44,36,'74:42:7F:59:ED:B0',''),
(614,3,614,'2022-09-09 13:42:35','2022-09-09 13:42:35',-45,3,'(not associated)',''),
(615,3,615,'2022-09-09 13:42:38','2022-09-09 13:42:38',-82,1,'(not associated)',''),
(616,3,616,'2022-09-09 13:42:35','2022-09-09 13:42:35',-86,3,'DC:39:6F:C3:58:4D',''),
(617,3,617,'2022-09-09 13:41:46','2022-09-09 13:41:46',-89,2,'(not associated)',''),
(618,3,618,'2022-09-09 13:40:49','2022-09-09 13:40:49',-85,6,'(not associated)',''),
(619,3,619,'2022-09-09 13:40:35','2022-09-09 13:40:35',-90,1,'(not associated)',''),
(620,3,620,'2022-09-09 13:37:22','2022-09-09 13:39:59',-87,12,'(not associated)','FRITZ!Box 7590 IO'),
(621,3,621,'2022-09-09 13:38:11','2022-09-09 13:38:11',-85,1,'(not associated)',''),
(622,3,622,'2022-09-09 13:38:14','2022-09-09 13:38:14',-90,1,'(not associated)',''),
(623,3,623,'2022-09-09 13:37:47','2022-09-09 13:37:47',-76,1,'(not associated)',''),
(624,3,624,'2022-09-09 13:37:36','2022-09-09 13:37:36',-86,2,'(not associated)',''),
(625,3,625,'2022-09-09 13:37:36','2022-09-09 13:37:36',-87,1,'(not associated)',''),
(626,3,626,'2022-09-09 13:37:37','2022-09-09 13:37:37',-90,1,'(not associated)',''),
(627,3,627,'2022-09-09 13:37:02','2022-09-09 13:37:03',-81,6,'(not associated)','WLAN1-5G-A1R7JB'),
(628,3,628,'2022-09-09 13:36:50','2022-09-09 13:36:50',-46,1,'(not associated)',''),
(629,3,629,'2022-09-09 12:13:17','2022-09-09 13:36:35',-77,53,'(not associated)','WLAN1-5G-A1R7JB'),
(630,3,630,'2022-09-09 12:29:05','2022-09-09 13:35:48',-89,16,'(not associated)','WLAN1-5G-A1R7JB'),
(631,3,631,'2022-09-09 13:34:58','2022-09-09 13:34:58',-89,1,'(not associated)',''),
(632,3,632,'2022-09-09 13:34:51','2022-09-09 13:34:51',-85,2,'(not associated)',''),
(633,3,633,'2022-09-09 13:34:48','2022-09-09 13:34:48',-85,2,'(not associated)',''),
(634,3,634,'2022-09-09 13:34:23','2022-09-09 13:34:23',-81,2,'(not associated)',''),
(635,3,635,'2022-09-09 13:34:24','2022-09-09 13:34:24',-91,2,'(not associated)',''),
(636,3,636,'2022-09-09 13:33:34','2022-09-09 13:33:34',-86,1,'(not associated)',''),
(637,3,637,'2022-09-09 13:31:02','2022-09-09 13:31:02',-78,2,'(not associated)',''),
(638,3,638,'2022-09-09 13:30:49','2022-09-09 13:30:49',-89,1,'(not associated)',''),
(639,3,639,'2022-09-09 12:18:25','2022-09-09 13:29:00',-39,15,'(not associated)','Warleberg'),
(640,3,640,'2022-09-09 12:24:49','2022-09-09 13:27:50',-55,15,'74:42:7F:59:ED:B0',''),
(641,3,641,'2022-09-09 13:27:47','2022-09-09 13:27:47',-91,2,'(not associated)',''),
(642,3,642,'2022-09-09 13:25:27','2022-09-09 13:25:27',-86,1,'(not associated)',''),
(643,3,643,'2022-09-09 12:25:20','2022-09-09 13:20:27',-56,5,'3C:37:12:2E:34:30',''),
(644,3,644,'2022-09-09 13:19:39','2022-09-09 13:19:39',-77,2,'(not associated)',''),
(645,3,645,'2022-09-09 13:19:23','2022-09-09 13:19:23',-87,1,'(not associated)',''),
(646,3,646,'2022-09-09 13:18:50','2022-09-09 13:18:50',-45,2,'(not associated)',''),
(647,3,647,'2022-09-09 13:18:50','2022-09-09 13:18:50',-89,1,'(not associated)',''),
(648,3,648,'2022-09-09 13:17:47','2022-09-09 13:17:47',-85,1,'(not associated)',''),
(649,3,649,'2022-09-09 13:17:35','2022-09-09 13:17:35',-87,1,'(not associated)',''),
(650,3,650,'2022-09-09 13:17:25','2022-09-09 13:17:25',-87,1,'(not associated)',''),
(651,3,651,'2022-09-09 13:17:01','2022-09-09 13:17:01',-85,3,'(not associated)',''),
(652,3,652,'2022-09-09 13:16:02','2022-09-09 13:16:02',-49,1,'(not associated)',''),
(653,3,653,'2022-09-09 13:13:02','2022-09-09 13:13:02',-80,1,'(not associated)',''),
(654,3,654,'2022-09-09 13:10:24','2022-09-09 13:10:24',-87,1,'(not associated)',''),
(655,3,655,'2022-09-09 13:09:47','2022-09-09 13:09:47',-86,2,'(not associated)',''),
(656,3,656,'2022-09-09 13:08:49','2022-09-09 13:08:49',-87,1,'(not associated)',''),
(657,3,657,'2022-09-09 13:08:49','2022-09-09 13:08:49',-90,1,'(not associated)',''),
(658,3,658,'2022-09-09 13:07:50','2022-09-09 13:07:50',-84,2,'(not associated)',''),
(659,3,659,'2022-09-09 13:07:35','2022-09-09 13:07:35',-85,1,'(not associated)',''),
(660,3,660,'2022-09-09 13:07:14','2022-09-09 13:07:14',-85,1,'(not associated)',''),
(661,3,661,'2022-09-09 13:07:14','2022-09-09 13:07:14',-91,2,'(not associated)',''),
(662,3,662,'2022-09-09 13:06:26','2022-09-09 13:06:26',-95,1,'(not associated)',''),
(663,3,663,'2022-09-09 13:06:15','2022-09-09 13:06:15',-85,1,'(not associated)',''),
(664,3,664,'2022-09-09 13:06:11','2022-09-09 13:06:11',-85,2,'(not associated)',''),
(665,3,665,'2022-09-09 13:04:50','2022-09-09 13:04:50',-89,4,'(not associated)','FRITZ!Box 7590 IO'),
(666,3,666,'2022-09-09 13:04:34','2022-09-09 13:04:34',-85,4,'(not associated)','wlan-215588'),
(667,3,667,'2022-09-09 13:02:23','2022-09-09 13:02:23',-94,1,'(not associated)',''),
(668,3,668,'2022-09-09 13:00:49','2022-09-09 13:00:49',-38,2,'(not associated)',''),
(669,3,669,'2022-09-09 13:00:11','2022-09-09 13:00:11',-88,2,'(not associated)',''),
(670,3,670,'2022-09-09 12:59:26','2022-09-09 12:59:26',-78,4,'(not associated)','FRITZ!Box 7530 QV'),
(671,3,671,'2022-09-09 12:32:33','2022-09-09 12:57:15',-78,19,'A0:D8:07:60:BC:96','WLAN1-5G-A1R7JB'),
(672,3,672,'2022-09-09 12:52:36','2022-09-09 12:52:36',-87,2,'(not associated)',''),
(673,3,673,'2022-09-09 12:44:36','2022-09-09 12:44:36',-92,1,'(not associated)',''),
(674,3,674,'2022-09-09 12:37:37','2022-09-09 12:37:37',-88,1,'(not associated)',''),
(675,3,675,'2022-09-09 12:36:35','2022-09-09 12:36:35',-71,2,'(not associated)',''),
(676,3,676,'2022-09-09 12:36:35','2022-09-09 12:36:35',-76,2,'(not associated)',''),
(677,3,677,'2022-09-09 12:31:14','2022-09-09 12:31:14',-89,4,'(not associated)',''),
(678,3,678,'2022-09-09 12:27:36','2022-09-09 12:27:36',-54,2,'(not associated)',''),
(679,3,679,'2022-09-09 12:27:24','2022-09-09 12:27:24',-1,2,'74:42:7F:59:E9:2E',''),
(680,3,680,'2022-09-09 12:26:37','2022-09-09 12:26:37',-86,1,'(not associated)',''),
(681,3,681,'2022-09-09 12:26:37','2022-09-09 12:26:37',-87,1,'(not associated)',''),
(682,3,682,'2022-09-09 12:24:49','2022-09-09 12:24:49',-53,1,'(not associated)',''),
(683,3,683,'2022-09-09 12:21:02','2022-09-09 12:21:02',-89,1,'(not associated)',''),
(684,3,684,'2022-09-09 12:20:51','2022-09-09 12:20:51',-83,2,'(not associated)',''),
(685,3,685,'2022-09-09 12:20:39','2022-09-09 12:20:39',-90,2,'(not associated)',''),
(686,3,686,'2022-09-09 12:20:27','2022-09-09 12:20:27',-88,2,'(not associated)',''),
(687,3,687,'2022-09-09 12:20:23','2022-09-09 12:20:23',-89,1,'(not associated)',''),
(688,3,688,'2022-09-09 12:20:11','2022-09-09 12:20:11',-90,1,'(not associated)',''),
(689,3,689,'2022-09-09 12:19:46','2022-09-09 12:19:46',-86,1,'(not associated)',''),
(690,3,690,'2022-09-09 12:19:46','2022-09-09 12:19:46',-90,2,'(not associated)',''),
(691,3,691,'2022-09-09 12:19:34','2022-09-09 12:19:34',-90,1,'(not associated)',''),
(692,3,692,'2022-09-09 12:19:14','2022-09-09 12:19:14',-89,2,'(not associated)',''),
(693,3,693,'2022-09-09 12:19:13','2022-09-09 12:19:13',-89,1,'(not associated)',''),
(694,3,694,'2022-09-09 12:18:48','2022-09-09 12:18:48',-77,1,'(not associated)','Warleberg'),
(695,3,695,'2022-09-09 12:18:47','2022-09-09 12:18:47',-83,1,'(not associated)','Warleberg'),
(696,3,696,'2022-09-09 12:18:49','2022-09-09 12:18:49',-86,2,'(not associated)',''),
(697,3,697,'2022-09-09 12:18:37','2022-09-09 12:18:37',-87,1,'(not associated)',''),
(698,3,698,'2022-09-09 12:18:04','2022-09-09 12:18:24',-60,8,'00:25:00:FF:94:73',''),
(699,3,699,'2022-09-09 12:18:24','2022-09-09 12:18:24',-92,1,'(not associated)',''),
(700,3,700,'2022-09-09 12:17:49','2022-09-09 12:17:49',-89,2,'(not associated)',''),
(701,3,701,'2022-09-09 12:17:50','2022-09-09 12:17:50',-90,2,'(not associated)',''),
(702,3,702,'2022-09-09 12:17:38','2022-09-09 12:17:38',-88,2,'(not associated)',''),
(703,3,703,'2022-09-09 12:17:11','2022-09-09 12:17:11',-90,1,'(not associated)',''),
(704,3,704,'2022-09-09 12:17:03','2022-09-09 12:17:03',-89,1,'(not associated)',''),
(705,3,705,'2022-09-09 12:16:23','2022-09-09 12:16:23',-69,1,'(not associated)','Warleberg'),
(706,3,706,'2022-09-09 12:16:23','2022-09-09 12:16:23',-69,2,'(not associated)','Warleberg'),
(707,3,707,'2022-09-09 12:16:23','2022-09-09 12:16:23',-70,1,'(not associated)','Warleberg'),
(708,3,708,'2022-09-09 12:16:23','2022-09-09 12:16:23',-70,1,'(not associated)','Warleberg'),
(709,3,709,'2022-09-09 12:15:41','2022-09-09 12:15:51',-87,9,'(not associated)','FRITZ!Box 7590 IO'),
(710,3,710,'2022-09-09 12:14:58','2022-09-09 12:14:58',-90,1,'(not associated)',''),
(711,3,711,'2022-09-09 12:14:48','2022-09-09 12:14:48',-83,2,'(not associated)',''),
(712,3,712,'2022-09-09 12:14:12','2022-09-09 12:14:12',-87,2,'(not associated)',''),
(713,3,713,'2022-09-09 12:14:14','2022-09-09 12:14:14',-92,1,'(not associated)',''),
(714,3,714,'2022-09-09 12:13:58','2022-09-09 12:13:58',-78,1,'(not associated)','Warleberg'),
(715,3,715,'2022-09-09 12:13:58','2022-09-09 12:13:58',-78,1,'(not associated)','Warleberg'),
(716,3,716,'2022-09-09 12:14:03','2022-09-09 12:14:03',-84,2,'(not associated)',''),
(717,3,717,'2022-09-09 12:13:38','2022-09-09 12:13:38',-81,1,'(not associated)',''),
(718,3,718,'2022-09-09 12:13:38','2022-09-09 12:13:38',-82,2,'(not associated)',''),
(719,3,719,'2022-09-09 12:13:38','2022-09-09 12:13:38',-86,2,'(not associated)',''),
(720,3,720,'2022-09-09 12:10:43','2022-09-09 12:11:10',-1,3,'DC:15:C8:4A:5A:DB',''),
(721,3,721,'2022-09-09 12:10:55','2022-09-09 12:10:55',-49,1,'(not associated)',''),
(722,3,722,'2022-09-09 12:13:09','2022-09-09 12:13:09',-67,2,'(not associated)',''),
(723,3,723,'2022-09-09 12:13:42','2022-09-09 12:13:42',-84,1,'(not associated)',''),
(724,3,724,'2022-09-09 12:14:06','2022-09-09 12:14:06',-88,2,'(not associated)',''),
(725,3,725,'2022-09-09 12:14:06','2022-09-09 12:14:06',-87,1,'(not associated)',''),
(726,3,726,'2022-09-09 12:14:17','2022-09-09 12:14:17',-71,1,'(not associated)','Warleberg'),
(727,3,727,'2022-09-09 12:14:17','2022-09-09 12:14:17',-70,1,'(not associated)','Warleberg'),
(728,3,728,'2022-09-09 12:14:40','2022-09-09 12:14:53',-85,15,'DC:39:6F:A1:93:07',''),
(729,3,729,'2022-09-09 12:16:05','2022-09-09 12:16:05',-84,1,'(not associated)',''),
(730,3,730,'2022-09-09 12:16:09','2022-09-09 12:16:09',-83,1,'(not associated)',''),
(731,3,731,'2022-09-09 12:16:31','2022-09-09 12:16:31',-92,2,'(not associated)',''),
(732,3,732,'2022-09-09 12:16:53','2022-09-09 12:16:53',-85,3,'(not associated)',''),
(733,3,733,'2022-09-09 12:17:07','2022-09-09 12:17:07',-75,1,'(not associated)',''),
(734,3,734,'2022-09-09 12:17:21','2022-09-09 12:17:21',-87,1,'(not associated)',''),
(735,3,735,'2022-09-09 12:17:18','2022-09-09 12:17:18',-86,3,'(not associated)',''),
(736,3,736,'2022-09-09 12:17:45','2022-09-09 12:17:45',-85,2,'(not associated)',''),
(737,3,737,'2022-09-09 12:17:54','2022-09-09 12:17:54',-89,2,'(not associated)',''),
(738,3,738,'2022-09-09 12:18:20','2022-09-09 12:18:20',-91,2,'(not associated)',''),
(739,3,739,'2022-09-09 12:18:16','2022-09-09 12:18:16',-86,1,'(not associated)',''),
(740,3,740,'2022-09-09 12:18:33','2022-09-09 12:18:33',-88,2,'(not associated)',''),
(741,3,741,'2022-09-09 12:18:57','2022-09-09 12:18:57',-88,2,'(not associated)',''),
(742,3,742,'2022-09-09 12:18:53','2022-09-09 12:18:53',-86,2,'(not associated)',''),
(743,3,743,'2022-09-09 12:19:21','2022-09-09 12:19:21',-85,1,'(not associated)',''),
(744,3,744,'2022-09-09 12:19:21','2022-09-09 12:19:21',-53,2,'(not associated)',''),
(745,3,745,'2022-09-09 12:19:29','2022-09-09 12:19:29',-88,1,'(not associated)','Warleberg'),
(746,3,746,'2022-09-09 12:19:29','2022-09-09 12:19:29',-86,1,'(not associated)','Warleberg'),
(747,3,747,'2022-09-09 12:19:30','2022-09-09 12:19:30',-86,1,'(not associated)',''),
(748,3,748,'2022-09-09 12:19:30','2022-09-09 12:19:30',-84,1,'(not associated)','Warleberg'),
(749,3,749,'2022-09-09 12:19:42','2022-09-09 12:19:42',-86,2,'(not associated)',''),
(750,3,750,'2022-09-09 12:20:07','2022-09-09 12:20:07',-86,2,'(not associated)',''),
(751,3,751,'2022-09-09 12:20:19','2022-09-09 12:20:19',-85,2,'(not associated)',''),
(752,3,752,'2022-09-09 12:20:41','2022-09-09 12:20:41',-91,1,'(not associated)',''),
(753,3,753,'2022-09-09 12:20:41','2022-09-09 12:20:41',-90,1,'(not associated)',''),
(754,3,754,'2022-09-09 12:20:41','2022-09-09 12:20:41',-89,1,'(not associated)',''),
(755,3,755,'2022-09-09 12:20:55','2022-09-09 12:20:55',-89,2,'(not associated)',''),
(756,3,756,'2022-09-09 12:20:52','2022-09-09 12:20:52',-85,2,'(not associated)',''),
(757,3,757,'2022-09-09 12:24:08','2022-09-09 12:24:08',-44,2,'(not associated)',''),
(758,3,758,'2022-09-09 12:27:21','2022-09-09 12:27:21',-86,2,'(not associated)',''),
(759,3,759,'2022-09-09 12:28:29','2022-09-09 12:28:29',-88,2,'(not associated)',''),
(760,3,760,'2022-09-09 12:29:05','2022-09-09 12:29:05',-86,2,'(not associated)',''),
(761,3,761,'2022-09-09 12:29:18','2022-09-09 12:29:18',-84,2,'(not associated)',''),
(762,3,762,'2022-09-09 12:36:32','2022-09-09 12:36:32',-86,1,'(not associated)',''),
(763,3,763,'2022-09-09 12:36:42','2022-09-09 12:36:42',-88,1,'(not associated)',''),
(764,3,764,'2022-09-09 12:36:40','2022-09-09 12:36:40',-83,1,'(not associated)',''),
(765,3,765,'2022-09-09 12:39:57','2022-09-09 12:39:57',-91,2,'(not associated)',''),
(766,3,766,'2022-09-09 12:41:08','2022-09-09 12:41:08',-64,2,'(not associated)',''),
(767,3,767,'2022-09-09 12:43:55','2022-09-09 12:43:55',-90,1,'(not associated)',''),
(768,3,768,'2022-09-09 12:43:52','2022-09-09 12:43:52',-89,1,'(not associated)',''),
(769,3,769,'2022-09-09 12:45:54','2022-09-09 12:45:54',-65,2,'(not associated)',''),
(770,3,770,'2022-09-09 12:46:21','2022-09-09 12:46:21',-45,2,'(not associated)',''),
(771,3,771,'2022-09-09 12:49:21','2022-09-09 12:49:21',-55,2,'(not associated)',''),
(772,3,772,'2022-09-09 12:50:32','2022-09-09 12:50:32',-69,1,'(not associated)',''),
(773,3,773,'2022-09-09 12:52:40','2022-09-09 12:52:40',-90,1,'(not associated)',''),
(774,3,774,'2022-09-09 12:53:06','2022-09-09 12:53:06',-52,2,'(not associated)',''),
(775,3,775,'2022-09-09 12:19:35','2022-09-09 12:53:33',-86,13,'(not associated)',''),
(776,3,776,'2022-09-09 12:54:16','2022-09-09 12:54:16',-56,2,'(not associated)',''),
(777,3,777,'2022-09-09 12:57:40','2022-09-09 12:57:40',-88,2,'(not associated)',''),
(778,3,778,'2022-09-09 13:02:41','2022-09-09 13:02:41',-89,7,'(not associated)','FRITZ!Box 7530 DP'),
(779,3,779,'2022-09-09 13:04:21','2022-09-09 13:04:21',-42,2,'(not associated)',''),
(780,3,780,'2022-09-09 13:06:06','2022-09-09 13:06:06',-89,1,'(not associated)',''),
(781,3,781,'2022-09-09 13:06:18','2022-09-09 13:06:18',-89,2,'(not associated)',''),
(782,3,782,'2022-09-09 13:06:17','2022-09-09 13:06:17',-83,1,'(not associated)',''),
(783,3,783,'2022-09-09 13:06:29','2022-09-09 13:06:29',-86,1,'(not associated)',''),
(784,3,784,'2022-09-09 13:07:08','2022-09-09 13:07:08',-91,1,'(not associated)',''),
(785,3,785,'2022-09-09 13:07:45','2022-09-09 13:07:45',-94,1,'(not associated)',''),
(786,3,786,'2022-09-09 13:08:20','2022-09-09 13:08:20',-87,1,'(not associated)',''),
(787,3,787,'2022-09-09 13:08:18','2022-09-09 13:08:18',-85,1,'(not associated)',''),
(788,3,788,'2022-09-09 13:08:33','2022-09-09 13:08:33',-89,1,'(not associated)',''),
(789,3,789,'2022-09-09 13:08:32','2022-09-09 13:08:32',-78,3,'(not associated)',''),
(790,3,790,'2022-09-09 13:08:44','2022-09-09 13:08:44',-88,2,'(not associated)',''),
(791,3,791,'2022-09-09 13:08:52','2022-09-09 13:08:52',-88,1,'(not associated)',''),
(792,3,792,'2022-09-09 13:08:52','2022-09-09 13:08:52',-87,1,'(not associated)',''),
(793,3,793,'2022-09-09 13:09:09','2022-09-09 13:09:09',-86,1,'(not associated)',''),
(794,3,794,'2022-09-09 13:09:21','2022-09-09 13:09:21',-87,1,'(not associated)',''),
(795,3,795,'2022-09-09 13:10:31','2022-09-09 13:10:31',-87,1,'(not associated)',''),
(796,3,796,'2022-09-09 13:10:31','2022-09-09 13:10:31',-86,2,'(not associated)',''),
(797,3,797,'2022-09-09 13:10:31','2022-09-09 13:10:31',-84,1,'(not associated)',''),
(798,3,798,'2022-09-09 13:11:20','2022-09-09 13:11:20',-86,1,'(not associated)',''),
(799,3,799,'2022-09-09 13:11:17','2022-09-09 13:11:17',-85,2,'(not associated)',''),
(800,3,800,'2022-09-09 13:12:16','2022-09-09 13:12:16',-91,2,'(not associated)',''),
(801,3,801,'2022-09-09 13:12:40','2022-09-09 13:12:40',-86,2,'(not associated)','FRITZ!Box 7530 QV'),
(802,3,802,'2022-09-09 13:14:19','2022-09-09 13:14:19',-90,1,'(not associated)',''),
(803,3,803,'2022-09-09 13:14:32','2022-09-09 13:14:32',-92,2,'(not associated)',''),
(804,3,804,'2022-09-09 13:14:52','2022-09-09 13:14:52',-80,1,'(not associated)',''),
(805,3,805,'2022-09-09 13:15:06','2022-09-09 13:15:06',-89,1,'(not associated)',''),
(806,3,806,'2022-09-09 13:15:44','2022-09-09 13:15:44',-87,1,'(not associated)',''),
(807,3,807,'2022-09-09 13:15:54','2022-09-09 13:15:54',-91,2,'(not associated)',''),
(808,3,808,'2022-09-09 13:17:04','2022-09-09 13:17:04',-81,2,'(not associated)',''),
(809,3,809,'2022-09-09 13:17:17','2022-09-09 13:17:17',-93,4,'(not associated)',''),
(810,3,810,'2022-09-09 13:17:32','2022-09-09 13:17:32',-84,2,'(not associated)',''),
(811,3,811,'2022-09-09 13:18:43','2022-09-09 13:18:43',-85,1,'(not associated)',''),
(812,3,812,'2022-09-09 13:18:53','2022-09-09 13:18:53',-89,2,'(not associated)',''),
(813,3,813,'2022-09-09 13:19:43','2022-09-09 13:19:43',-84,2,'(not associated)',''),
(814,3,814,'2022-09-09 13:21:28','2022-09-09 13:21:28',-85,1,'(not associated)',''),
(815,3,815,'2022-09-09 13:21:28','2022-09-09 13:21:28',-81,1,'(not associated)',''),
(816,3,816,'2022-09-09 12:11:14','2022-09-09 13:25:16',-78,11,'(not associated)','FRITZ! Box 7530FE, FRITZ!Box 7530 QV'),
(817,3,817,'2022-09-09 13:27:08','2022-09-09 13:27:08',-87,1,'(not associated)',''),
(818,3,818,'2022-09-09 13:28:44','2022-09-09 13:28:44',-81,4,'(not associated)',''),
(819,3,819,'2022-09-09 13:28:55','2022-09-09 13:28:55',-86,4,'(not associated)',''),
(820,3,820,'2022-09-09 13:29:05','2022-09-09 13:29:05',-50,2,'(not associated)',''),
(821,3,821,'2022-09-09 13:29:57','2022-09-09 13:29:57',-60,2,'(not associated)',''),
(822,3,822,'2022-09-09 13:33:17','2022-09-09 13:33:17',-87,2,'(not associated)',''),
(823,3,823,'2022-09-09 13:34:43','2022-09-09 13:34:43',-91,1,'(not associated)',''),
(824,3,824,'2022-09-09 13:34:43','2022-09-09 13:34:43',-89,1,'(not associated)',''),
(825,3,825,'2022-09-09 13:34:45','2022-09-09 13:34:45',-83,1,'(not associated)',''),
(826,3,826,'2022-09-09 13:35:09','2022-09-09 13:35:09',-86,1,'(not associated)',''),
(827,3,827,'2022-09-09 13:35:17','2022-09-09 13:35:17',-91,1,'(not associated)',''),
(828,3,828,'2022-09-09 13:35:30','2022-09-09 13:35:30',-88,1,'(not associated)',''),
(829,3,829,'2022-09-09 13:36:40','2022-09-09 13:36:40',-81,5,'(not associated)',''),
(830,3,830,'2022-09-09 13:37:06','2022-09-09 13:37:06',-77,2,'(not associated)',''),
(831,3,831,'2022-09-09 13:38:05','2022-09-09 13:38:05',-52,2,'(not associated)',''),
(832,3,832,'2022-09-09 13:38:17','2022-09-09 13:38:17',-83,1,'(not associated)',''),
(833,3,833,'2022-09-09 13:38:15','2022-09-09 13:38:16',-82,16,'DC:15:C8:4A:5A:DB','FRITZ!Box 7590 IO'),
(834,3,834,'2022-09-09 13:38:08','2022-09-09 13:39:16',-82,2,'(not associated)',''),
(835,3,835,'2022-09-09 13:39:32','2022-09-09 13:39:32',-88,1,'(not associated)',''),
(836,3,836,'2022-09-09 13:40:57','2022-09-09 13:40:57',-87,2,'(not associated)',''),
(837,3,837,'2022-09-09 13:41:18','2022-09-09 13:41:18',-88,1,'(not associated)',''),
(838,3,838,'2022-09-09 13:41:32','2022-09-09 13:41:32',-89,1,'(not associated)',''),
(839,3,839,'2022-09-09 13:42:05','2022-09-09 13:42:05',-88,2,'(not associated)',''),
(840,3,840,'2022-09-09 13:42:05','2022-09-09 13:42:05',-86,2,'(not associated)',''),
(841,3,841,'2022-09-09 13:40:12','2022-09-09 13:42:04',-79,15,'3C:37:12:2E:34:30',''),
(842,3,842,'2022-09-09 13:40:07','2022-09-09 13:42:19',-90,11,'(not associated)',''),
(843,3,843,'2022-09-09 13:42:17','2022-09-09 13:42:17',-84,2,'(not associated)',''),
(844,3,844,'2022-09-09 13:42:30','2022-09-09 13:42:30',-80,2,'(not associated)',''),
(845,3,845,'2022-09-09 13:42:40','2022-09-09 13:42:40',-87,2,'(not associated)',''),
(846,3,846,'2022-09-09 13:42:57','2022-09-09 13:42:57',-81,2,'(not associated)',''),
(847,3,847,'2022-09-09 13:42:56','2022-09-09 13:42:56',-80,2,'(not associated)',''),
(848,3,848,'2022-09-09 12:27:37','2022-09-09 13:43:09',-56,51,'74:42:7F:59:ED:B1','Warleberg'),
(849,3,849,'2022-09-09 13:43:28','2022-09-09 13:43:28',-89,3,'(not associated)',''),
(850,3,850,'2022-09-09 13:03:31','2022-09-09 13:43:28',-87,9,'DC:15:C8:4A:5A:DB',''),
(851,3,851,'2022-09-09 13:43:53','2022-09-09 13:43:53',-87,1,'(not associated)',''),
(852,3,852,'2022-09-09 13:43:54','2022-09-09 13:43:54',-87,1,'(not associated)',''),
(853,3,853,'2022-09-09 13:44:09','2022-09-09 13:44:09',-88,2,'(not associated)',''),
(854,3,854,'2022-09-09 13:44:17','2022-09-09 13:44:17',-89,2,'(not associated)',''),
(855,3,855,'2022-09-09 13:44:21','2022-09-09 13:44:21',-87,1,'(not associated)',''),
(856,3,856,'2022-09-09 13:44:21','2022-09-09 13:44:21',-83,2,'(not associated)',''),
(857,3,857,'2022-09-09 13:44:28','2022-09-09 13:44:28',-84,4,'(not associated)',''),
(858,3,858,'2022-09-09 12:10:42','2022-09-09 13:44:41',-68,84,'74:42:7F:59:ED:B1',''),
(859,3,859,'2022-09-09 13:44:55','2022-09-09 13:44:55',-83,4,'(not associated)',''),
(860,3,860,'2022-09-09 13:45:06','2022-09-09 13:45:06',-84,2,'(not associated)',''),
(861,3,861,'2022-09-09 13:45:17','2022-09-09 13:45:17',-83,5,'(not associated)',''),
(862,3,862,'2022-09-09 13:45:20','2022-09-09 13:45:20',-80,3,'(not associated)',''),
(863,3,863,'2022-09-09 13:45:28','2022-09-09 13:45:28',-85,1,'(not associated)',''),
(864,3,864,'2022-09-09 13:45:28','2022-09-09 13:45:28',-80,1,'(not associated)',''),
(865,3,865,'2022-09-09 13:45:28','2022-09-09 13:45:28',-80,2,'(not associated)',''),
(866,3,866,'2022-09-09 13:45:52','2022-09-09 13:45:52',-89,1,'(not associated)',''),
(867,3,867,'2022-09-09 13:45:53','2022-09-09 13:45:53',-87,1,'(not associated)',''),
(868,3,868,'2022-09-09 12:23:45','2022-09-09 13:45:52',-84,66,'DC:15:C8:4A:5A:DB',''),
(869,3,869,'2022-09-09 13:46:19','2022-09-09 13:46:19',-81,1,'(not associated)',''),
(870,3,870,'2022-09-09 12:09:52','2022-09-09 13:46:30',-89,13,'(not associated)',''),
(871,3,871,'2022-09-09 12:18:39','2022-09-09 13:46:44',-82,70,'74:42:7F:59:ED:B1','Warleberg'),
(872,3,872,'2022-09-09 12:09:47','2022-09-09 13:47:56',-71,63,'DC:39:6F:C3:58:4D',''),
(873,3,873,'2022-09-09 13:47:57','2022-09-09 13:47:57',-71,2,'(not associated)',''),
(874,3,874,'2022-09-09 13:48:33','2022-09-09 13:48:33',-85,3,'(not associated)',''),
(875,3,875,'2022-09-09 12:09:21','2022-09-09 13:48:28',-82,387,'A0:D8:07:60:BC:94',''),
(876,3,876,'2022-09-09 12:11:40','2022-09-09 13:48:28',-77,23,'A0:D8:07:60:BC:94',''),
(877,3,877,'2022-09-09 13:48:44','2022-09-09 13:48:44',-80,1,'(not associated)','FRITZ!Box 7530 QV'),
(878,3,878,'2022-09-09 13:48:44','2022-09-09 13:48:44',-78,2,'(not associated)','FRITZ!Box 7530 QV'),
(879,3,879,'2022-09-09 13:48:44','2022-09-09 13:48:44',-78,1,'(not associated)','FRITZ!Box 7530 QV'),
(880,3,880,'2022-09-09 13:49:17','2022-09-09 13:49:17',-89,2,'(not associated)',''),
(881,3,881,'2022-09-09 12:15:00','2022-09-09 13:49:00',-88,31,'(not associated)',''),
(882,3,882,'2022-09-09 13:49:49','2022-09-09 13:49:49',-88,2,'(not associated)',''),
(883,3,883,'2022-09-09 12:10:04','2022-09-09 13:49:47',-87,967,'(not associated)','gigacube_5G-3460'),
(884,3,884,'2022-09-09 13:49:47','2022-09-09 13:49:47',-87,1,'(not associated)',''),
(885,3,885,'2022-09-09 13:49:28','2022-09-09 13:49:28',-85,1,'(not associated)',''),
(886,3,886,'2022-09-09 13:46:01','2022-09-09 13:49:51',-83,328,'3C:37:12:2E:34:30','FRITZ!Box 7530 QV'),
(887,3,887,'2022-09-09 12:10:03','2022-09-09 13:49:16',-82,157,'3C:37:12:2E:34:30',''),
(888,3,888,'2022-09-09 12:09:47','2022-09-09 13:49:03',-79,171,'A0:D8:07:60:BC:94',''),
(889,3,889,'2022-09-09 12:09:29','2022-09-09 13:49:44',-74,176,'A0:D8:07:60:BC:94','WLAN1-A1R7JB, WLAN1-5G-A1R7JB, WLAN15G-A1R7JB, WLANHS20'),
(890,3,890,'2022-09-09 13:49:20','2022-09-09 13:49:20',-64,1,'(not associated)',''),
(891,3,891,'2022-09-09 13:49:52','2022-09-09 13:49:53',-86,3,'(not associated)',''),
(892,4,595,'2022-09-09 13:48:24','2022-09-09 13:48:24',-49,2,'(not associated)',''),
(893,4,596,'2022-09-09 13:05:25','2022-09-09 13:47:49',-85,35,'E0:28:6D:3B:83:14','WLAN-747745'),
(894,4,597,'2022-09-09 13:47:25','2022-09-09 13:47:25',-87,1,'(not associated)',''),
(895,4,598,'2022-09-09 12:13:54','2022-09-09 13:47:15',-55,163,'74:42:7F:59:ED:B1','Warleberg'),
(896,4,599,'2022-09-09 13:46:47','2022-09-09 13:46:47',-84,1,'(not associated)',''),
(897,4,600,'2022-09-09 12:14:20','2022-09-09 13:46:51',-84,78,'74:42:7F:59:ED:B1','Warleberg'),
(898,4,601,'2022-09-09 13:46:48','2022-09-09 13:46:48',-85,1,'(not associated)',''),
(899,4,602,'2022-09-09 13:46:48','2022-09-09 13:46:48',-88,2,'(not associated)',''),
(900,4,603,'2022-09-09 12:20:33','2022-09-09 13:46:48',-88,56,'(not associated)',''),
(901,4,604,'2022-09-09 12:18:13','2022-09-09 13:46:14',-67,29,'(not associated)','Warleberg'),
(902,4,605,'2022-09-09 13:46:15','2022-09-09 13:46:15',-84,1,'(not associated)',''),
(903,4,606,'2022-09-09 13:45:14','2022-09-09 13:45:14',-82,2,'(not associated)',''),
(904,4,607,'2022-09-09 13:45:10','2022-09-09 13:45:10',-88,2,'(not associated)',''),
(905,4,608,'2022-09-09 13:44:59','2022-09-09 13:44:59',-82,5,'(not associated)',''),
(906,4,609,'2022-09-09 13:45:03','2022-09-09 13:45:03',-85,4,'(not associated)',''),
(907,4,610,'2022-09-09 13:44:29','2022-09-09 13:44:35',-53,13,'(not associated)','Warleberg'),
(908,4,611,'2022-09-09 13:44:38','2022-09-09 13:44:38',-87,1,'(not associated)',''),
(909,4,612,'2022-09-09 13:44:13','2022-09-09 13:44:13',-83,1,'(not associated)',''),
(910,4,613,'2022-09-09 12:19:21','2022-09-09 13:42:35',-44,36,'74:42:7F:59:ED:B0',''),
(911,4,614,'2022-09-09 13:42:35','2022-09-09 13:42:35',-45,3,'(not associated)',''),
(912,4,615,'2022-09-09 13:42:38','2022-09-09 13:42:38',-82,1,'(not associated)',''),
(913,4,616,'2022-09-09 13:42:35','2022-09-09 13:42:35',-86,3,'DC:39:6F:C3:58:4D',''),
(914,4,617,'2022-09-09 13:41:46','2022-09-09 13:41:46',-89,2,'(not associated)',''),
(915,4,618,'2022-09-09 13:40:49','2022-09-09 13:40:49',-85,6,'(not associated)',''),
(916,4,619,'2022-09-09 13:40:35','2022-09-09 13:40:35',-90,1,'(not associated)',''),
(917,4,620,'2022-09-09 13:37:22','2022-09-09 13:39:59',-87,12,'(not associated)','FRITZ!Box 7590 IO'),
(918,4,621,'2022-09-09 13:38:11','2022-09-09 13:38:11',-85,1,'(not associated)',''),
(919,4,622,'2022-09-09 13:38:14','2022-09-09 13:38:14',-90,1,'(not associated)',''),
(920,4,623,'2022-09-09 13:37:47','2022-09-09 13:37:47',-76,1,'(not associated)',''),
(921,4,624,'2022-09-09 13:37:36','2022-09-09 13:37:36',-86,2,'(not associated)',''),
(922,4,625,'2022-09-09 13:37:36','2022-09-09 13:37:36',-87,1,'(not associated)',''),
(923,4,626,'2022-09-09 13:37:37','2022-09-09 13:37:37',-90,1,'(not associated)',''),
(924,4,627,'2022-09-09 13:37:02','2022-09-09 13:37:03',-81,6,'(not associated)','WLAN1-5G-A1R7JB'),
(925,4,628,'2022-09-09 13:36:50','2022-09-09 13:36:50',-46,1,'(not associated)',''),
(926,4,629,'2022-09-09 12:13:17','2022-09-09 13:36:35',-77,53,'(not associated)','WLAN1-5G-A1R7JB'),
(927,4,630,'2022-09-09 12:29:05','2022-09-09 13:35:48',-89,16,'(not associated)','WLAN1-5G-A1R7JB'),
(928,4,631,'2022-09-09 13:34:58','2022-09-09 13:34:58',-89,1,'(not associated)',''),
(929,4,632,'2022-09-09 13:34:51','2022-09-09 13:34:51',-85,2,'(not associated)',''),
(930,4,633,'2022-09-09 13:34:48','2022-09-09 13:34:48',-85,2,'(not associated)',''),
(931,4,634,'2022-09-09 13:34:23','2022-09-09 13:34:23',-81,2,'(not associated)',''),
(932,4,635,'2022-09-09 13:34:24','2022-09-09 13:34:24',-91,2,'(not associated)',''),
(933,4,636,'2022-09-09 13:33:34','2022-09-09 13:33:34',-86,1,'(not associated)',''),
(934,4,637,'2022-09-09 13:31:02','2022-09-09 13:31:02',-78,2,'(not associated)',''),
(935,4,638,'2022-09-09 13:30:49','2022-09-09 13:30:49',-89,1,'(not associated)',''),
(936,4,639,'2022-09-09 12:18:25','2022-09-09 13:29:00',-39,15,'(not associated)','Warleberg'),
(937,4,640,'2022-09-09 12:24:49','2022-09-09 13:27:50',-55,15,'74:42:7F:59:ED:B0',''),
(938,4,641,'2022-09-09 13:27:47','2022-09-09 13:27:47',-91,2,'(not associated)',''),
(939,4,642,'2022-09-09 13:25:27','2022-09-09 13:25:27',-86,1,'(not associated)',''),
(940,4,643,'2022-09-09 12:25:20','2022-09-09 13:20:27',-56,5,'3C:37:12:2E:34:30',''),
(941,4,644,'2022-09-09 13:19:39','2022-09-09 13:19:39',-77,2,'(not associated)',''),
(942,4,645,'2022-09-09 13:19:23','2022-09-09 13:19:23',-87,1,'(not associated)',''),
(943,4,646,'2022-09-09 13:18:50','2022-09-09 13:18:50',-45,2,'(not associated)',''),
(944,4,647,'2022-09-09 13:18:50','2022-09-09 13:18:50',-89,1,'(not associated)',''),
(945,4,648,'2022-09-09 13:17:47','2022-09-09 13:17:47',-85,1,'(not associated)',''),
(946,4,649,'2022-09-09 13:17:35','2022-09-09 13:17:35',-87,1,'(not associated)',''),
(947,4,650,'2022-09-09 13:17:25','2022-09-09 13:17:25',-87,1,'(not associated)',''),
(948,4,651,'2022-09-09 13:17:01','2022-09-09 13:17:01',-85,3,'(not associated)',''),
(949,4,652,'2022-09-09 13:16:02','2022-09-09 13:16:02',-49,1,'(not associated)',''),
(950,4,653,'2022-09-09 13:13:02','2022-09-09 13:13:02',-80,1,'(not associated)',''),
(951,4,654,'2022-09-09 13:10:24','2022-09-09 13:10:24',-87,1,'(not associated)',''),
(952,4,655,'2022-09-09 13:09:47','2022-09-09 13:09:47',-86,2,'(not associated)',''),
(953,4,656,'2022-09-09 13:08:49','2022-09-09 13:08:49',-87,1,'(not associated)',''),
(954,4,657,'2022-09-09 13:08:49','2022-09-09 13:08:49',-90,1,'(not associated)',''),
(955,4,658,'2022-09-09 13:07:50','2022-09-09 13:07:50',-84,2,'(not associated)',''),
(956,4,659,'2022-09-09 13:07:35','2022-09-09 13:07:35',-85,1,'(not associated)',''),
(957,4,660,'2022-09-09 13:07:14','2022-09-09 13:07:14',-85,1,'(not associated)',''),
(958,4,661,'2022-09-09 13:07:14','2022-09-09 13:07:14',-91,2,'(not associated)',''),
(959,4,662,'2022-09-09 13:06:26','2022-09-09 13:06:26',-95,1,'(not associated)',''),
(960,4,663,'2022-09-09 13:06:15','2022-09-09 13:06:15',-85,1,'(not associated)',''),
(961,4,664,'2022-09-09 13:06:11','2022-09-09 13:06:11',-85,2,'(not associated)',''),
(962,4,665,'2022-09-09 13:04:50','2022-09-09 13:04:50',-89,4,'(not associated)','FRITZ!Box 7590 IO'),
(963,4,666,'2022-09-09 13:04:34','2022-09-09 13:04:34',-85,4,'(not associated)','wlan-215588'),
(964,4,667,'2022-09-09 13:02:23','2022-09-09 13:02:23',-94,1,'(not associated)',''),
(965,4,668,'2022-09-09 13:00:49','2022-09-09 13:00:49',-38,2,'(not associated)',''),
(966,4,669,'2022-09-09 13:00:11','2022-09-09 13:00:11',-88,2,'(not associated)',''),
(967,4,670,'2022-09-09 12:59:26','2022-09-09 12:59:26',-78,4,'(not associated)','FRITZ!Box 7530 QV'),
(968,4,671,'2022-09-09 12:32:33','2022-09-09 12:57:15',-78,19,'A0:D8:07:60:BC:96','WLAN1-5G-A1R7JB'),
(969,4,672,'2022-09-09 12:52:36','2022-09-09 12:52:36',-87,2,'(not associated)',''),
(970,4,673,'2022-09-09 12:44:36','2022-09-09 12:44:36',-92,1,'(not associated)',''),
(971,4,674,'2022-09-09 12:37:37','2022-09-09 12:37:37',-88,1,'(not associated)',''),
(972,4,675,'2022-09-09 12:36:35','2022-09-09 12:36:35',-71,2,'(not associated)',''),
(973,4,676,'2022-09-09 12:36:35','2022-09-09 12:36:35',-76,2,'(not associated)',''),
(974,4,677,'2022-09-09 12:31:14','2022-09-09 12:31:14',-89,4,'(not associated)',''),
(975,4,678,'2022-09-09 12:27:36','2022-09-09 12:27:36',-54,2,'(not associated)',''),
(976,4,679,'2022-09-09 12:27:24','2022-09-09 12:27:24',-1,2,'74:42:7F:59:E9:2E',''),
(977,4,680,'2022-09-09 12:26:37','2022-09-09 12:26:37',-86,1,'(not associated)',''),
(978,4,681,'2022-09-09 12:26:37','2022-09-09 12:26:37',-87,1,'(not associated)',''),
(979,4,682,'2022-09-09 12:24:49','2022-09-09 12:24:49',-53,1,'(not associated)',''),
(980,4,683,'2022-09-09 12:21:02','2022-09-09 12:21:02',-89,1,'(not associated)',''),
(981,4,684,'2022-09-09 12:20:51','2022-09-09 12:20:51',-83,2,'(not associated)',''),
(982,4,685,'2022-09-09 12:20:39','2022-09-09 12:20:39',-90,2,'(not associated)',''),
(983,4,686,'2022-09-09 12:20:27','2022-09-09 12:20:27',-88,2,'(not associated)',''),
(984,4,687,'2022-09-09 12:20:23','2022-09-09 12:20:23',-89,1,'(not associated)',''),
(985,4,688,'2022-09-09 12:20:11','2022-09-09 12:20:11',-90,1,'(not associated)',''),
(986,4,689,'2022-09-09 12:19:46','2022-09-09 12:19:46',-86,1,'(not associated)',''),
(987,4,690,'2022-09-09 12:19:46','2022-09-09 12:19:46',-90,2,'(not associated)',''),
(988,4,691,'2022-09-09 12:19:34','2022-09-09 12:19:34',-90,1,'(not associated)',''),
(989,4,692,'2022-09-09 12:19:14','2022-09-09 12:19:14',-89,2,'(not associated)',''),
(990,4,693,'2022-09-09 12:19:13','2022-09-09 12:19:13',-89,1,'(not associated)',''),
(991,4,694,'2022-09-09 12:18:48','2022-09-09 12:18:48',-77,1,'(not associated)','Warleberg'),
(992,4,695,'2022-09-09 12:18:47','2022-09-09 12:18:47',-83,1,'(not associated)','Warleberg'),
(993,4,696,'2022-09-09 12:18:49','2022-09-09 12:18:49',-86,2,'(not associated)',''),
(994,4,697,'2022-09-09 12:18:37','2022-09-09 12:18:37',-87,1,'(not associated)',''),
(995,4,698,'2022-09-09 12:18:04','2022-09-09 12:18:24',-60,8,'00:25:00:FF:94:73',''),
(996,4,699,'2022-09-09 12:18:24','2022-09-09 12:18:24',-92,1,'(not associated)',''),
(997,4,700,'2022-09-09 12:17:49','2022-09-09 12:17:49',-89,2,'(not associated)',''),
(998,4,701,'2022-09-09 12:17:50','2022-09-09 12:17:50',-90,2,'(not associated)',''),
(999,4,702,'2022-09-09 12:17:38','2022-09-09 12:17:38',-88,2,'(not associated)',''),
(1000,4,703,'2022-09-09 12:17:11','2022-09-09 12:17:11',-90,1,'(not associated)',''),
(1001,4,704,'2022-09-09 12:17:03','2022-09-09 12:17:03',-89,1,'(not associated)',''),
(1002,4,705,'2022-09-09 12:16:23','2022-09-09 12:16:23',-69,1,'(not associated)','Warleberg'),
(1003,4,706,'2022-09-09 12:16:23','2022-09-09 12:16:23',-69,2,'(not associated)','Warleberg'),
(1004,4,707,'2022-09-09 12:16:23','2022-09-09 12:16:23',-70,1,'(not associated)','Warleberg'),
(1005,4,708,'2022-09-09 12:16:23','2022-09-09 12:16:23',-70,1,'(not associated)','Warleberg'),
(1006,4,709,'2022-09-09 12:15:41','2022-09-09 12:15:51',-87,9,'(not associated)','FRITZ!Box 7590 IO'),
(1007,4,710,'2022-09-09 12:14:58','2022-09-09 12:14:58',-90,1,'(not associated)',''),
(1008,4,711,'2022-09-09 12:14:48','2022-09-09 12:14:48',-83,2,'(not associated)',''),
(1009,4,712,'2022-09-09 12:14:12','2022-09-09 12:14:12',-87,2,'(not associated)',''),
(1010,4,713,'2022-09-09 12:14:14','2022-09-09 12:14:14',-92,1,'(not associated)',''),
(1011,4,714,'2022-09-09 12:13:58','2022-09-09 12:13:58',-78,1,'(not associated)','Warleberg'),
(1012,4,715,'2022-09-09 12:13:58','2022-09-09 12:13:58',-78,1,'(not associated)','Warleberg'),
(1013,4,716,'2022-09-09 12:14:03','2022-09-09 12:14:03',-84,2,'(not associated)',''),
(1014,4,717,'2022-09-09 12:13:38','2022-09-09 12:13:38',-81,1,'(not associated)',''),
(1015,4,718,'2022-09-09 12:13:38','2022-09-09 12:13:38',-82,2,'(not associated)',''),
(1016,4,719,'2022-09-09 12:13:38','2022-09-09 12:13:38',-86,2,'(not associated)',''),
(1017,4,720,'2022-09-09 12:10:43','2022-09-09 12:11:10',-1,3,'DC:15:C8:4A:5A:DB',''),
(1018,4,721,'2022-09-09 12:10:55','2022-09-09 12:10:55',-49,1,'(not associated)',''),
(1019,4,722,'2022-09-09 12:13:09','2022-09-09 12:13:09',-67,2,'(not associated)',''),
(1020,4,723,'2022-09-09 12:13:42','2022-09-09 12:13:42',-84,1,'(not associated)',''),
(1021,4,724,'2022-09-09 12:14:06','2022-09-09 12:14:06',-88,2,'(not associated)',''),
(1022,4,725,'2022-09-09 12:14:06','2022-09-09 12:14:06',-87,1,'(not associated)',''),
(1023,4,726,'2022-09-09 12:14:17','2022-09-09 12:14:17',-71,1,'(not associated)','Warleberg'),
(1024,4,727,'2022-09-09 12:14:17','2022-09-09 12:14:17',-70,1,'(not associated)','Warleberg'),
(1025,4,728,'2022-09-09 12:14:40','2022-09-09 12:14:53',-85,15,'DC:39:6F:A1:93:07',''),
(1026,4,729,'2022-09-09 12:16:05','2022-09-09 12:16:05',-84,1,'(not associated)',''),
(1027,4,730,'2022-09-09 12:16:09','2022-09-09 12:16:09',-83,1,'(not associated)',''),
(1028,4,731,'2022-09-09 12:16:31','2022-09-09 12:16:31',-92,2,'(not associated)',''),
(1029,4,732,'2022-09-09 12:16:53','2022-09-09 12:16:53',-85,3,'(not associated)',''),
(1030,4,733,'2022-09-09 12:17:07','2022-09-09 12:17:07',-75,1,'(not associated)',''),
(1031,4,734,'2022-09-09 12:17:21','2022-09-09 12:17:21',-87,1,'(not associated)',''),
(1032,4,735,'2022-09-09 12:17:18','2022-09-09 12:17:18',-86,3,'(not associated)',''),
(1033,4,736,'2022-09-09 12:17:45','2022-09-09 12:17:45',-85,2,'(not associated)',''),
(1034,4,737,'2022-09-09 12:17:54','2022-09-09 12:17:54',-89,2,'(not associated)',''),
(1035,4,738,'2022-09-09 12:18:20','2022-09-09 12:18:20',-91,2,'(not associated)',''),
(1036,4,739,'2022-09-09 12:18:16','2022-09-09 12:18:16',-86,1,'(not associated)',''),
(1037,4,740,'2022-09-09 12:18:33','2022-09-09 12:18:33',-88,2,'(not associated)',''),
(1038,4,741,'2022-09-09 12:18:57','2022-09-09 12:18:57',-88,2,'(not associated)',''),
(1039,4,742,'2022-09-09 12:18:53','2022-09-09 12:18:53',-86,2,'(not associated)',''),
(1040,4,743,'2022-09-09 12:19:21','2022-09-09 12:19:21',-85,1,'(not associated)',''),
(1041,4,744,'2022-09-09 12:19:21','2022-09-09 12:19:21',-53,2,'(not associated)',''),
(1042,4,745,'2022-09-09 12:19:29','2022-09-09 12:19:29',-88,1,'(not associated)','Warleberg'),
(1043,4,746,'2022-09-09 12:19:29','2022-09-09 12:19:29',-86,1,'(not associated)','Warleberg'),
(1044,4,747,'2022-09-09 12:19:30','2022-09-09 12:19:30',-86,1,'(not associated)',''),
(1045,4,748,'2022-09-09 12:19:30','2022-09-09 12:19:30',-84,1,'(not associated)','Warleberg'),
(1046,4,749,'2022-09-09 12:19:42','2022-09-09 12:19:42',-86,2,'(not associated)',''),
(1047,4,750,'2022-09-09 12:20:07','2022-09-09 12:20:07',-86,2,'(not associated)',''),
(1048,4,751,'2022-09-09 12:20:19','2022-09-09 12:20:19',-85,2,'(not associated)',''),
(1049,4,752,'2022-09-09 12:20:41','2022-09-09 12:20:41',-91,1,'(not associated)',''),
(1050,4,753,'2022-09-09 12:20:41','2022-09-09 12:20:41',-90,1,'(not associated)',''),
(1051,4,754,'2022-09-09 12:20:41','2022-09-09 12:20:41',-89,1,'(not associated)',''),
(1052,4,755,'2022-09-09 12:20:55','2022-09-09 12:20:55',-89,2,'(not associated)',''),
(1053,4,756,'2022-09-09 12:20:52','2022-09-09 12:20:52',-85,2,'(not associated)',''),
(1054,4,757,'2022-09-09 12:24:08','2022-09-09 12:24:08',-44,2,'(not associated)',''),
(1055,4,758,'2022-09-09 12:27:21','2022-09-09 12:27:21',-86,2,'(not associated)',''),
(1056,4,759,'2022-09-09 12:28:29','2022-09-09 12:28:29',-88,2,'(not associated)',''),
(1057,4,760,'2022-09-09 12:29:05','2022-09-09 12:29:05',-86,2,'(not associated)',''),
(1058,4,761,'2022-09-09 12:29:18','2022-09-09 12:29:18',-84,2,'(not associated)',''),
(1059,4,762,'2022-09-09 12:36:32','2022-09-09 12:36:32',-86,1,'(not associated)',''),
(1060,4,763,'2022-09-09 12:36:42','2022-09-09 12:36:42',-88,1,'(not associated)',''),
(1061,4,764,'2022-09-09 12:36:40','2022-09-09 12:36:40',-83,1,'(not associated)',''),
(1062,4,765,'2022-09-09 12:39:57','2022-09-09 12:39:57',-91,2,'(not associated)',''),
(1063,4,766,'2022-09-09 12:41:08','2022-09-09 12:41:08',-64,2,'(not associated)',''),
(1064,4,767,'2022-09-09 12:43:55','2022-09-09 12:43:55',-90,1,'(not associated)',''),
(1065,4,768,'2022-09-09 12:43:52','2022-09-09 12:43:52',-89,1,'(not associated)',''),
(1066,4,769,'2022-09-09 12:45:54','2022-09-09 12:45:54',-65,2,'(not associated)',''),
(1067,4,770,'2022-09-09 12:46:21','2022-09-09 12:46:21',-45,2,'(not associated)',''),
(1068,4,771,'2022-09-09 12:49:21','2022-09-09 12:49:21',-55,2,'(not associated)',''),
(1069,4,772,'2022-09-09 12:50:32','2022-09-09 12:50:32',-69,1,'(not associated)',''),
(1070,4,773,'2022-09-09 12:52:40','2022-09-09 12:52:40',-90,1,'(not associated)',''),
(1071,4,774,'2022-09-09 12:53:06','2022-09-09 12:53:06',-52,2,'(not associated)',''),
(1072,4,775,'2022-09-09 12:19:35','2022-09-09 12:53:33',-86,13,'(not associated)',''),
(1073,4,776,'2022-09-09 12:54:16','2022-09-09 12:54:16',-56,2,'(not associated)',''),
(1074,4,777,'2022-09-09 12:57:40','2022-09-09 12:57:40',-88,2,'(not associated)',''),
(1075,4,778,'2022-09-09 13:02:41','2022-09-09 13:02:41',-89,7,'(not associated)','FRITZ!Box 7530 DP'),
(1076,4,779,'2022-09-09 13:04:21','2022-09-09 13:04:21',-42,2,'(not associated)',''),
(1077,4,780,'2022-09-09 13:06:06','2022-09-09 13:06:06',-89,1,'(not associated)',''),
(1078,4,781,'2022-09-09 13:06:18','2022-09-09 13:06:18',-89,2,'(not associated)',''),
(1079,4,782,'2022-09-09 13:06:17','2022-09-09 13:06:17',-83,1,'(not associated)',''),
(1080,4,783,'2022-09-09 13:06:29','2022-09-09 13:06:29',-86,1,'(not associated)',''),
(1081,4,784,'2022-09-09 13:07:08','2022-09-09 13:07:08',-91,1,'(not associated)',''),
(1082,4,785,'2022-09-09 13:07:45','2022-09-09 13:07:45',-94,1,'(not associated)',''),
(1083,4,786,'2022-09-09 13:08:20','2022-09-09 13:08:20',-87,1,'(not associated)',''),
(1084,4,787,'2022-09-09 13:08:18','2022-09-09 13:08:18',-85,1,'(not associated)',''),
(1085,4,788,'2022-09-09 13:08:33','2022-09-09 13:08:33',-89,1,'(not associated)',''),
(1086,4,789,'2022-09-09 13:08:32','2022-09-09 13:08:32',-78,3,'(not associated)',''),
(1087,4,790,'2022-09-09 13:08:44','2022-09-09 13:08:44',-88,2,'(not associated)',''),
(1088,4,791,'2022-09-09 13:08:52','2022-09-09 13:08:52',-88,1,'(not associated)',''),
(1089,4,792,'2022-09-09 13:08:52','2022-09-09 13:08:52',-87,1,'(not associated)',''),
(1090,4,793,'2022-09-09 13:09:09','2022-09-09 13:09:09',-86,1,'(not associated)',''),
(1091,4,794,'2022-09-09 13:09:21','2022-09-09 13:09:21',-87,1,'(not associated)',''),
(1092,4,795,'2022-09-09 13:10:31','2022-09-09 13:10:31',-87,1,'(not associated)',''),
(1093,4,796,'2022-09-09 13:10:31','2022-09-09 13:10:31',-86,2,'(not associated)',''),
(1094,4,797,'2022-09-09 13:10:31','2022-09-09 13:10:31',-84,1,'(not associated)',''),
(1095,4,798,'2022-09-09 13:11:20','2022-09-09 13:11:20',-86,1,'(not associated)',''),
(1096,4,799,'2022-09-09 13:11:17','2022-09-09 13:11:17',-85,2,'(not associated)',''),
(1097,4,800,'2022-09-09 13:12:16','2022-09-09 13:12:16',-91,2,'(not associated)',''),
(1098,4,801,'2022-09-09 13:12:40','2022-09-09 13:12:40',-86,2,'(not associated)','FRITZ!Box 7530 QV'),
(1099,4,802,'2022-09-09 13:14:19','2022-09-09 13:14:19',-90,1,'(not associated)',''),
(1100,4,803,'2022-09-09 13:14:32','2022-09-09 13:14:32',-92,2,'(not associated)',''),
(1101,4,804,'2022-09-09 13:14:52','2022-09-09 13:14:52',-80,1,'(not associated)',''),
(1102,4,805,'2022-09-09 13:15:06','2022-09-09 13:15:06',-89,1,'(not associated)',''),
(1103,4,806,'2022-09-09 13:15:44','2022-09-09 13:15:44',-87,1,'(not associated)',''),
(1104,4,807,'2022-09-09 13:15:54','2022-09-09 13:15:54',-91,2,'(not associated)',''),
(1105,4,808,'2022-09-09 13:17:04','2022-09-09 13:17:04',-81,2,'(not associated)',''),
(1106,4,809,'2022-09-09 13:17:17','2022-09-09 13:17:17',-93,4,'(not associated)',''),
(1107,4,810,'2022-09-09 13:17:32','2022-09-09 13:17:32',-84,2,'(not associated)',''),
(1108,4,811,'2022-09-09 13:18:43','2022-09-09 13:18:43',-85,1,'(not associated)',''),
(1109,4,812,'2022-09-09 13:18:53','2022-09-09 13:18:53',-89,2,'(not associated)',''),
(1110,4,813,'2022-09-09 13:19:43','2022-09-09 13:19:43',-84,2,'(not associated)',''),
(1111,4,814,'2022-09-09 13:21:28','2022-09-09 13:21:28',-85,1,'(not associated)',''),
(1112,4,815,'2022-09-09 13:21:28','2022-09-09 13:21:28',-81,1,'(not associated)',''),
(1113,4,816,'2022-09-09 12:11:14','2022-09-09 13:25:16',-78,11,'(not associated)','FRITZ! Box 7530FE, FRITZ!Box 7530 QV'),
(1114,4,817,'2022-09-09 13:27:08','2022-09-09 13:27:08',-87,1,'(not associated)',''),
(1115,4,818,'2022-09-09 13:28:44','2022-09-09 13:28:44',-81,4,'(not associated)',''),
(1116,4,819,'2022-09-09 13:28:55','2022-09-09 13:28:55',-86,4,'(not associated)',''),
(1117,4,820,'2022-09-09 13:29:05','2022-09-09 13:29:05',-50,2,'(not associated)',''),
(1118,4,821,'2022-09-09 13:29:57','2022-09-09 13:29:57',-60,2,'(not associated)',''),
(1119,4,822,'2022-09-09 13:33:17','2022-09-09 13:33:17',-87,2,'(not associated)',''),
(1120,4,823,'2022-09-09 13:34:43','2022-09-09 13:34:43',-91,1,'(not associated)',''),
(1121,4,824,'2022-09-09 13:34:43','2022-09-09 13:34:43',-89,1,'(not associated)',''),
(1122,4,825,'2022-09-09 13:34:45','2022-09-09 13:34:45',-83,1,'(not associated)',''),
(1123,4,826,'2022-09-09 13:35:09','2022-09-09 13:35:09',-86,1,'(not associated)',''),
(1124,4,827,'2022-09-09 13:35:17','2022-09-09 13:35:17',-91,1,'(not associated)',''),
(1125,4,828,'2022-09-09 13:35:30','2022-09-09 13:35:30',-88,1,'(not associated)',''),
(1126,4,829,'2022-09-09 13:36:40','2022-09-09 13:36:40',-81,5,'(not associated)',''),
(1127,4,830,'2022-09-09 13:37:06','2022-09-09 13:37:06',-77,2,'(not associated)',''),
(1128,4,831,'2022-09-09 13:38:05','2022-09-09 13:38:05',-52,2,'(not associated)',''),
(1129,4,832,'2022-09-09 13:38:17','2022-09-09 13:38:17',-83,1,'(not associated)',''),
(1130,4,833,'2022-09-09 13:38:15','2022-09-09 13:38:16',-82,16,'DC:15:C8:4A:5A:DB','FRITZ!Box 7590 IO'),
(1131,4,834,'2022-09-09 13:38:08','2022-09-09 13:39:16',-82,2,'(not associated)',''),
(1132,4,835,'2022-09-09 13:39:32','2022-09-09 13:39:32',-88,1,'(not associated)',''),
(1133,4,836,'2022-09-09 13:40:57','2022-09-09 13:40:57',-87,2,'(not associated)',''),
(1134,4,837,'2022-09-09 13:41:18','2022-09-09 13:41:18',-88,1,'(not associated)',''),
(1135,4,838,'2022-09-09 13:41:32','2022-09-09 13:41:32',-89,1,'(not associated)',''),
(1136,4,839,'2022-09-09 13:42:05','2022-09-09 13:42:05',-88,2,'(not associated)',''),
(1137,4,840,'2022-09-09 13:42:05','2022-09-09 13:42:05',-86,2,'(not associated)',''),
(1138,4,841,'2022-09-09 13:40:12','2022-09-09 13:42:04',-79,15,'3C:37:12:2E:34:30',''),
(1139,4,842,'2022-09-09 13:40:07','2022-09-09 13:42:19',-90,11,'(not associated)',''),
(1140,4,843,'2022-09-09 13:42:17','2022-09-09 13:42:17',-84,2,'(not associated)',''),
(1141,4,844,'2022-09-09 13:42:30','2022-09-09 13:42:30',-80,2,'(not associated)',''),
(1142,4,845,'2022-09-09 13:42:40','2022-09-09 13:42:40',-87,2,'(not associated)',''),
(1143,4,846,'2022-09-09 13:42:57','2022-09-09 13:42:57',-81,2,'(not associated)',''),
(1144,4,847,'2022-09-09 13:42:56','2022-09-09 13:42:56',-80,2,'(not associated)',''),
(1145,4,848,'2022-09-09 12:27:37','2022-09-09 13:43:09',-56,51,'74:42:7F:59:ED:B1','Warleberg'),
(1146,4,849,'2022-09-09 13:43:28','2022-09-09 13:43:28',-89,3,'(not associated)',''),
(1147,4,850,'2022-09-09 13:03:31','2022-09-09 13:43:28',-87,9,'DC:15:C8:4A:5A:DB',''),
(1148,4,851,'2022-09-09 13:43:53','2022-09-09 13:43:53',-87,1,'(not associated)',''),
(1149,4,852,'2022-09-09 13:43:54','2022-09-09 13:43:54',-87,1,'(not associated)',''),
(1150,4,853,'2022-09-09 13:44:09','2022-09-09 13:44:09',-88,2,'(not associated)',''),
(1151,4,854,'2022-09-09 13:44:17','2022-09-09 13:44:17',-89,2,'(not associated)',''),
(1152,4,855,'2022-09-09 13:44:21','2022-09-09 13:44:21',-87,1,'(not associated)',''),
(1153,4,856,'2022-09-09 13:44:21','2022-09-09 13:44:21',-83,2,'(not associated)',''),
(1154,4,857,'2022-09-09 13:44:28','2022-09-09 13:44:28',-84,4,'(not associated)',''),
(1155,4,858,'2022-09-09 12:10:42','2022-09-09 13:44:41',-68,84,'74:42:7F:59:ED:B1',''),
(1156,4,859,'2022-09-09 13:44:55','2022-09-09 13:44:55',-83,4,'(not associated)',''),
(1157,4,860,'2022-09-09 13:45:06','2022-09-09 13:45:06',-84,2,'(not associated)',''),
(1158,4,861,'2022-09-09 13:45:17','2022-09-09 13:45:17',-83,5,'(not associated)',''),
(1159,4,862,'2022-09-09 13:45:20','2022-09-09 13:45:20',-80,3,'(not associated)',''),
(1160,4,863,'2022-09-09 13:45:28','2022-09-09 13:45:28',-85,1,'(not associated)',''),
(1161,4,864,'2022-09-09 13:45:28','2022-09-09 13:45:28',-80,1,'(not associated)',''),
(1162,4,865,'2022-09-09 13:45:28','2022-09-09 13:45:28',-80,2,'(not associated)',''),
(1163,4,866,'2022-09-09 13:45:52','2022-09-09 13:45:52',-89,1,'(not associated)',''),
(1164,4,867,'2022-09-09 13:45:53','2022-09-09 13:45:53',-87,1,'(not associated)',''),
(1165,4,868,'2022-09-09 12:23:45','2022-09-09 13:45:52',-84,66,'DC:15:C8:4A:5A:DB',''),
(1166,4,869,'2022-09-09 13:46:19','2022-09-09 13:46:19',-81,1,'(not associated)',''),
(1167,4,870,'2022-09-09 12:09:52','2022-09-09 13:46:30',-89,13,'(not associated)',''),
(1168,4,871,'2022-09-09 12:18:39','2022-09-09 13:46:44',-82,70,'74:42:7F:59:ED:B1','Warleberg'),
(1169,4,872,'2022-09-09 12:09:47','2022-09-09 13:47:56',-71,63,'DC:39:6F:C3:58:4D',''),
(1170,4,873,'2022-09-09 13:47:57','2022-09-09 13:47:57',-71,2,'(not associated)',''),
(1171,4,874,'2022-09-09 13:48:33','2022-09-09 13:48:33',-85,3,'(not associated)',''),
(1172,4,875,'2022-09-09 12:09:21','2022-09-09 13:48:28',-82,387,'A0:D8:07:60:BC:94',''),
(1173,4,876,'2022-09-09 12:11:40','2022-09-09 13:48:28',-77,23,'A0:D8:07:60:BC:94',''),
(1174,4,877,'2022-09-09 13:48:44','2022-09-09 13:48:44',-80,1,'(not associated)','FRITZ!Box 7530 QV'),
(1175,4,878,'2022-09-09 13:48:44','2022-09-09 13:48:44',-78,2,'(not associated)','FRITZ!Box 7530 QV'),
(1176,4,879,'2022-09-09 13:48:44','2022-09-09 13:48:44',-78,1,'(not associated)','FRITZ!Box 7530 QV'),
(1177,4,880,'2022-09-09 13:49:17','2022-09-09 13:49:17',-89,2,'(not associated)',''),
(1178,4,881,'2022-09-09 12:15:00','2022-09-09 13:49:00',-88,31,'(not associated)',''),
(1179,4,882,'2022-09-09 13:49:49','2022-09-09 13:49:49',-88,2,'(not associated)',''),
(1180,4,883,'2022-09-09 12:10:04','2022-09-09 13:49:47',-87,967,'(not associated)','gigacube_5G-3460'),
(1181,4,884,'2022-09-09 13:49:47','2022-09-09 13:49:47',-87,1,'(not associated)',''),
(1182,4,885,'2022-09-09 13:49:28','2022-09-09 13:49:28',-85,1,'(not associated)',''),
(1183,4,886,'2022-09-09 13:46:01','2022-09-09 13:49:51',-83,328,'3C:37:12:2E:34:30','FRITZ!Box 7530 QV'),
(1184,4,887,'2022-09-09 12:10:03','2022-09-09 13:49:16',-82,157,'3C:37:12:2E:34:30',''),
(1185,4,888,'2022-09-09 12:09:47','2022-09-09 13:49:03',-79,171,'A0:D8:07:60:BC:94',''),
(1186,4,889,'2022-09-09 12:09:29','2022-09-09 13:49:44',-74,176,'A0:D8:07:60:BC:94','WLAN1-A1R7JB, WLAN1-5G-A1R7JB, WLAN15G-A1R7JB, WLANHS20'),
(1187,4,890,'2022-09-09 13:49:20','2022-09-09 13:49:20',-64,1,'(not associated)',''),
(1188,4,891,'2022-09-09 13:49:52','2022-09-09 13:49:53',-86,3,'(not associated)',''),
(1189,5,595,'2022-09-09 13:48:24','2022-09-09 13:48:24',-49,2,'(not associated)',''),
(1190,5,596,'2022-09-09 13:05:25','2022-09-09 13:47:49',-85,35,'E0:28:6D:3B:83:14','WLAN-747745'),
(1191,5,597,'2022-09-09 13:47:25','2022-09-09 13:47:25',-87,1,'(not associated)',''),
(1192,5,598,'2022-09-09 12:13:54','2022-09-09 13:47:15',-55,163,'74:42:7F:59:ED:B1','Warleberg'),
(1193,5,599,'2022-09-09 13:46:47','2022-09-09 13:46:47',-84,1,'(not associated)',''),
(1194,5,600,'2022-09-09 12:14:20','2022-09-09 13:46:51',-84,78,'74:42:7F:59:ED:B1','Warleberg'),
(1195,5,601,'2022-09-09 13:46:48','2022-09-09 13:46:48',-85,1,'(not associated)',''),
(1196,5,602,'2022-09-09 13:46:48','2022-09-09 13:46:48',-88,2,'(not associated)',''),
(1197,5,603,'2022-09-09 12:20:33','2022-09-09 13:46:48',-88,56,'(not associated)',''),
(1198,5,604,'2022-09-09 12:18:13','2022-09-09 13:46:14',-67,29,'(not associated)','Warleberg'),
(1199,5,605,'2022-09-09 13:46:15','2022-09-09 13:46:15',-84,1,'(not associated)',''),
(1200,5,606,'2022-09-09 13:45:14','2022-09-09 13:45:14',-82,2,'(not associated)',''),
(1201,5,607,'2022-09-09 13:45:10','2022-09-09 13:45:10',-88,2,'(not associated)',''),
(1202,5,608,'2022-09-09 13:44:59','2022-09-09 13:44:59',-82,5,'(not associated)',''),
(1203,5,609,'2022-09-09 13:45:03','2022-09-09 13:45:03',-85,4,'(not associated)',''),
(1204,5,610,'2022-09-09 13:44:29','2022-09-09 13:44:35',-53,13,'(not associated)','Warleberg'),
(1205,5,611,'2022-09-09 13:44:38','2022-09-09 13:44:38',-87,1,'(not associated)',''),
(1206,5,612,'2022-09-09 13:44:13','2022-09-09 13:44:13',-83,1,'(not associated)',''),
(1207,5,613,'2022-09-09 12:19:21','2022-09-09 13:42:35',-44,36,'74:42:7F:59:ED:B0',''),
(1208,5,614,'2022-09-09 13:42:35','2022-09-09 13:42:35',-45,3,'(not associated)',''),
(1209,5,615,'2022-09-09 13:42:38','2022-09-09 13:42:38',-82,1,'(not associated)',''),
(1210,5,616,'2022-09-09 13:42:35','2022-09-09 13:42:35',-86,3,'DC:39:6F:C3:58:4D',''),
(1211,5,617,'2022-09-09 13:41:46','2022-09-09 13:41:46',-89,2,'(not associated)',''),
(1212,5,618,'2022-09-09 13:40:49','2022-09-09 13:40:49',-85,6,'(not associated)',''),
(1213,5,619,'2022-09-09 13:40:35','2022-09-09 13:40:35',-90,1,'(not associated)',''),
(1214,5,620,'2022-09-09 13:37:22','2022-09-09 13:39:59',-87,12,'(not associated)','FRITZ!Box 7590 IO'),
(1215,5,621,'2022-09-09 13:38:11','2022-09-09 13:38:11',-85,1,'(not associated)',''),
(1216,5,622,'2022-09-09 13:38:14','2022-09-09 13:38:14',-90,1,'(not associated)',''),
(1217,5,623,'2022-09-09 13:37:47','2022-09-09 13:37:47',-76,1,'(not associated)',''),
(1218,5,624,'2022-09-09 13:37:36','2022-09-09 13:37:36',-86,2,'(not associated)',''),
(1219,5,625,'2022-09-09 13:37:36','2022-09-09 13:37:36',-87,1,'(not associated)',''),
(1220,5,626,'2022-09-09 13:37:37','2022-09-09 13:37:37',-90,1,'(not associated)',''),
(1221,5,627,'2022-09-09 13:37:02','2022-09-09 13:37:03',-81,6,'(not associated)','WLAN1-5G-A1R7JB'),
(1222,5,628,'2022-09-09 13:36:50','2022-09-09 13:36:50',-46,1,'(not associated)',''),
(1223,5,629,'2022-09-09 12:13:17','2022-09-09 13:36:35',-77,53,'(not associated)','WLAN1-5G-A1R7JB'),
(1224,5,630,'2022-09-09 12:29:05','2022-09-09 13:35:48',-89,16,'(not associated)','WLAN1-5G-A1R7JB'),
(1225,5,631,'2022-09-09 13:34:58','2022-09-09 13:34:58',-89,1,'(not associated)',''),
(1226,5,632,'2022-09-09 13:34:51','2022-09-09 13:34:51',-85,2,'(not associated)',''),
(1227,5,633,'2022-09-09 13:34:48','2022-09-09 13:34:48',-85,2,'(not associated)',''),
(1228,5,634,'2022-09-09 13:34:23','2022-09-09 13:34:23',-81,2,'(not associated)',''),
(1229,5,635,'2022-09-09 13:34:24','2022-09-09 13:34:24',-91,2,'(not associated)',''),
(1230,5,636,'2022-09-09 13:33:34','2022-09-09 13:33:34',-86,1,'(not associated)',''),
(1231,5,637,'2022-09-09 13:31:02','2022-09-09 13:31:02',-78,2,'(not associated)',''),
(1232,5,638,'2022-09-09 13:30:49','2022-09-09 13:30:49',-89,1,'(not associated)',''),
(1233,5,639,'2022-09-09 12:18:25','2022-09-09 13:29:00',-39,15,'(not associated)','Warleberg'),
(1234,5,640,'2022-09-09 12:24:49','2022-09-09 13:27:50',-55,15,'74:42:7F:59:ED:B0',''),
(1235,5,641,'2022-09-09 13:27:47','2022-09-09 13:27:47',-91,2,'(not associated)',''),
(1236,5,642,'2022-09-09 13:25:27','2022-09-09 13:25:27',-86,1,'(not associated)',''),
(1237,5,643,'2022-09-09 12:25:20','2022-09-09 13:20:27',-56,5,'3C:37:12:2E:34:30',''),
(1238,5,644,'2022-09-09 13:19:39','2022-09-09 13:19:39',-77,2,'(not associated)',''),
(1239,5,645,'2022-09-09 13:19:23','2022-09-09 13:19:23',-87,1,'(not associated)',''),
(1240,5,646,'2022-09-09 13:18:50','2022-09-09 13:18:50',-45,2,'(not associated)',''),
(1241,5,647,'2022-09-09 13:18:50','2022-09-09 13:18:50',-89,1,'(not associated)',''),
(1242,5,648,'2022-09-09 13:17:47','2022-09-09 13:17:47',-85,1,'(not associated)',''),
(1243,5,649,'2022-09-09 13:17:35','2022-09-09 13:17:35',-87,1,'(not associated)',''),
(1244,5,650,'2022-09-09 13:17:25','2022-09-09 13:17:25',-87,1,'(not associated)',''),
(1245,5,651,'2022-09-09 13:17:01','2022-09-09 13:17:01',-85,3,'(not associated)',''),
(1246,5,652,'2022-09-09 13:16:02','2022-09-09 13:16:02',-49,1,'(not associated)',''),
(1247,5,653,'2022-09-09 13:13:02','2022-09-09 13:13:02',-80,1,'(not associated)',''),
(1248,5,654,'2022-09-09 13:10:24','2022-09-09 13:10:24',-87,1,'(not associated)',''),
(1249,5,655,'2022-09-09 13:09:47','2022-09-09 13:09:47',-86,2,'(not associated)',''),
(1250,5,656,'2022-09-09 13:08:49','2022-09-09 13:08:49',-87,1,'(not associated)',''),
(1251,5,657,'2022-09-09 13:08:49','2022-09-09 13:08:49',-90,1,'(not associated)',''),
(1252,5,658,'2022-09-09 13:07:50','2022-09-09 13:07:50',-84,2,'(not associated)',''),
(1253,5,659,'2022-09-09 13:07:35','2022-09-09 13:07:35',-85,1,'(not associated)',''),
(1254,5,660,'2022-09-09 13:07:14','2022-09-09 13:07:14',-85,1,'(not associated)',''),
(1255,5,661,'2022-09-09 13:07:14','2022-09-09 13:07:14',-91,2,'(not associated)',''),
(1256,5,662,'2022-09-09 13:06:26','2022-09-09 13:06:26',-95,1,'(not associated)',''),
(1257,5,663,'2022-09-09 13:06:15','2022-09-09 13:06:15',-85,1,'(not associated)',''),
(1258,5,664,'2022-09-09 13:06:11','2022-09-09 13:06:11',-85,2,'(not associated)',''),
(1259,5,665,'2022-09-09 13:04:50','2022-09-09 13:04:50',-89,4,'(not associated)','FRITZ!Box 7590 IO'),
(1260,5,666,'2022-09-09 13:04:34','2022-09-09 13:04:34',-85,4,'(not associated)','wlan-215588'),
(1261,5,667,'2022-09-09 13:02:23','2022-09-09 13:02:23',-94,1,'(not associated)',''),
(1262,5,668,'2022-09-09 13:00:49','2022-09-09 13:00:49',-38,2,'(not associated)',''),
(1263,5,669,'2022-09-09 13:00:11','2022-09-09 13:00:11',-88,2,'(not associated)',''),
(1264,5,670,'2022-09-09 12:59:26','2022-09-09 12:59:26',-78,4,'(not associated)','FRITZ!Box 7530 QV'),
(1265,5,671,'2022-09-09 12:32:33','2022-09-09 12:57:15',-78,19,'A0:D8:07:60:BC:96','WLAN1-5G-A1R7JB'),
(1266,5,672,'2022-09-09 12:52:36','2022-09-09 12:52:36',-87,2,'(not associated)',''),
(1267,5,673,'2022-09-09 12:44:36','2022-09-09 12:44:36',-92,1,'(not associated)',''),
(1268,5,674,'2022-09-09 12:37:37','2022-09-09 12:37:37',-88,1,'(not associated)',''),
(1269,5,675,'2022-09-09 12:36:35','2022-09-09 12:36:35',-71,2,'(not associated)',''),
(1270,5,676,'2022-09-09 12:36:35','2022-09-09 12:36:35',-76,2,'(not associated)',''),
(1271,5,677,'2022-09-09 12:31:14','2022-09-09 12:31:14',-89,4,'(not associated)',''),
(1272,5,678,'2022-09-09 12:27:36','2022-09-09 12:27:36',-54,2,'(not associated)',''),
(1273,5,679,'2022-09-09 12:27:24','2022-09-09 12:27:24',-1,2,'74:42:7F:59:E9:2E',''),
(1274,5,680,'2022-09-09 12:26:37','2022-09-09 12:26:37',-86,1,'(not associated)',''),
(1275,5,681,'2022-09-09 12:26:37','2022-09-09 12:26:37',-87,1,'(not associated)',''),
(1276,5,682,'2022-09-09 12:24:49','2022-09-09 12:24:49',-53,1,'(not associated)',''),
(1277,5,683,'2022-09-09 12:21:02','2022-09-09 12:21:02',-89,1,'(not associated)',''),
(1278,5,684,'2022-09-09 12:20:51','2022-09-09 12:20:51',-83,2,'(not associated)',''),
(1279,5,685,'2022-09-09 12:20:39','2022-09-09 12:20:39',-90,2,'(not associated)',''),
(1280,5,686,'2022-09-09 12:20:27','2022-09-09 12:20:27',-88,2,'(not associated)',''),
(1281,5,687,'2022-09-09 12:20:23','2022-09-09 12:20:23',-89,1,'(not associated)',''),
(1282,5,688,'2022-09-09 12:20:11','2022-09-09 12:20:11',-90,1,'(not associated)',''),
(1283,5,689,'2022-09-09 12:19:46','2022-09-09 12:19:46',-86,1,'(not associated)',''),
(1284,5,690,'2022-09-09 12:19:46','2022-09-09 12:19:46',-90,2,'(not associated)',''),
(1285,5,691,'2022-09-09 12:19:34','2022-09-09 12:19:34',-90,1,'(not associated)',''),
(1286,5,692,'2022-09-09 12:19:14','2022-09-09 12:19:14',-89,2,'(not associated)',''),
(1287,5,693,'2022-09-09 12:19:13','2022-09-09 12:19:13',-89,1,'(not associated)',''),
(1288,5,694,'2022-09-09 12:18:48','2022-09-09 12:18:48',-77,1,'(not associated)','Warleberg'),
(1289,5,695,'2022-09-09 12:18:47','2022-09-09 12:18:47',-83,1,'(not associated)','Warleberg'),
(1290,5,696,'2022-09-09 12:18:49','2022-09-09 12:18:49',-86,2,'(not associated)',''),
(1291,5,697,'2022-09-09 12:18:37','2022-09-09 12:18:37',-87,1,'(not associated)',''),
(1292,5,698,'2022-09-09 12:18:04','2022-09-09 12:18:24',-60,8,'00:25:00:FF:94:73',''),
(1293,5,699,'2022-09-09 12:18:24','2022-09-09 12:18:24',-92,1,'(not associated)',''),
(1294,5,700,'2022-09-09 12:17:49','2022-09-09 12:17:49',-89,2,'(not associated)',''),
(1295,5,701,'2022-09-09 12:17:50','2022-09-09 12:17:50',-90,2,'(not associated)',''),
(1296,5,702,'2022-09-09 12:17:38','2022-09-09 12:17:38',-88,2,'(not associated)',''),
(1297,5,703,'2022-09-09 12:17:11','2022-09-09 12:17:11',-90,1,'(not associated)',''),
(1298,5,704,'2022-09-09 12:17:03','2022-09-09 12:17:03',-89,1,'(not associated)',''),
(1299,5,705,'2022-09-09 12:16:23','2022-09-09 12:16:23',-69,1,'(not associated)','Warleberg'),
(1300,5,706,'2022-09-09 12:16:23','2022-09-09 12:16:23',-69,2,'(not associated)','Warleberg'),
(1301,5,707,'2022-09-09 12:16:23','2022-09-09 12:16:23',-70,1,'(not associated)','Warleberg'),
(1302,5,708,'2022-09-09 12:16:23','2022-09-09 12:16:23',-70,1,'(not associated)','Warleberg'),
(1303,5,709,'2022-09-09 12:15:41','2022-09-09 12:15:51',-87,9,'(not associated)','FRITZ!Box 7590 IO'),
(1304,5,710,'2022-09-09 12:14:58','2022-09-09 12:14:58',-90,1,'(not associated)',''),
(1305,5,711,'2022-09-09 12:14:48','2022-09-09 12:14:48',-83,2,'(not associated)',''),
(1306,5,712,'2022-09-09 12:14:12','2022-09-09 12:14:12',-87,2,'(not associated)',''),
(1307,5,713,'2022-09-09 12:14:14','2022-09-09 12:14:14',-92,1,'(not associated)',''),
(1308,5,714,'2022-09-09 12:13:58','2022-09-09 12:13:58',-78,1,'(not associated)','Warleberg'),
(1309,5,715,'2022-09-09 12:13:58','2022-09-09 12:13:58',-78,1,'(not associated)','Warleberg'),
(1310,5,716,'2022-09-09 12:14:03','2022-09-09 12:14:03',-84,2,'(not associated)',''),
(1311,5,717,'2022-09-09 12:13:38','2022-09-09 12:13:38',-81,1,'(not associated)',''),
(1312,5,718,'2022-09-09 12:13:38','2022-09-09 12:13:38',-82,2,'(not associated)',''),
(1313,5,719,'2022-09-09 12:13:38','2022-09-09 12:13:38',-86,2,'(not associated)',''),
(1314,5,720,'2022-09-09 12:10:43','2022-09-09 12:11:10',-1,3,'DC:15:C8:4A:5A:DB',''),
(1315,5,721,'2022-09-09 12:10:55','2022-09-09 12:10:55',-49,1,'(not associated)',''),
(1316,5,722,'2022-09-09 12:13:09','2022-09-09 12:13:09',-67,2,'(not associated)',''),
(1317,5,723,'2022-09-09 12:13:42','2022-09-09 12:13:42',-84,1,'(not associated)',''),
(1318,5,724,'2022-09-09 12:14:06','2022-09-09 12:14:06',-88,2,'(not associated)',''),
(1319,5,725,'2022-09-09 12:14:06','2022-09-09 12:14:06',-87,1,'(not associated)',''),
(1320,5,726,'2022-09-09 12:14:17','2022-09-09 12:14:17',-71,1,'(not associated)','Warleberg'),
(1321,5,727,'2022-09-09 12:14:17','2022-09-09 12:14:17',-70,1,'(not associated)','Warleberg'),
(1322,5,728,'2022-09-09 12:14:40','2022-09-09 12:14:53',-85,15,'DC:39:6F:A1:93:07',''),
(1323,5,729,'2022-09-09 12:16:05','2022-09-09 12:16:05',-84,1,'(not associated)',''),
(1324,5,730,'2022-09-09 12:16:09','2022-09-09 12:16:09',-83,1,'(not associated)',''),
(1325,5,731,'2022-09-09 12:16:31','2022-09-09 12:16:31',-92,2,'(not associated)',''),
(1326,5,732,'2022-09-09 12:16:53','2022-09-09 12:16:53',-85,3,'(not associated)',''),
(1327,5,733,'2022-09-09 12:17:07','2022-09-09 12:17:07',-75,1,'(not associated)',''),
(1328,5,734,'2022-09-09 12:17:21','2022-09-09 12:17:21',-87,1,'(not associated)',''),
(1329,5,735,'2022-09-09 12:17:18','2022-09-09 12:17:18',-86,3,'(not associated)',''),
(1330,5,736,'2022-09-09 12:17:45','2022-09-09 12:17:45',-85,2,'(not associated)',''),
(1331,5,737,'2022-09-09 12:17:54','2022-09-09 12:17:54',-89,2,'(not associated)',''),
(1332,5,738,'2022-09-09 12:18:20','2022-09-09 12:18:20',-91,2,'(not associated)',''),
(1333,5,739,'2022-09-09 12:18:16','2022-09-09 12:18:16',-86,1,'(not associated)',''),
(1334,5,740,'2022-09-09 12:18:33','2022-09-09 12:18:33',-88,2,'(not associated)',''),
(1335,5,741,'2022-09-09 12:18:57','2022-09-09 12:18:57',-88,2,'(not associated)',''),
(1336,5,742,'2022-09-09 12:18:53','2022-09-09 12:18:53',-86,2,'(not associated)',''),
(1337,5,743,'2022-09-09 12:19:21','2022-09-09 12:19:21',-85,1,'(not associated)',''),
(1338,5,744,'2022-09-09 12:19:21','2022-09-09 12:19:21',-53,2,'(not associated)',''),
(1339,5,745,'2022-09-09 12:19:29','2022-09-09 12:19:29',-88,1,'(not associated)','Warleberg'),
(1340,5,746,'2022-09-09 12:19:29','2022-09-09 12:19:29',-86,1,'(not associated)','Warleberg'),
(1341,5,747,'2022-09-09 12:19:30','2022-09-09 12:19:30',-86,1,'(not associated)',''),
(1342,5,748,'2022-09-09 12:19:30','2022-09-09 12:19:30',-84,1,'(not associated)','Warleberg'),
(1343,5,749,'2022-09-09 12:19:42','2022-09-09 12:19:42',-86,2,'(not associated)',''),
(1344,5,750,'2022-09-09 12:20:07','2022-09-09 12:20:07',-86,2,'(not associated)',''),
(1345,5,751,'2022-09-09 12:20:19','2022-09-09 12:20:19',-85,2,'(not associated)',''),
(1346,5,752,'2022-09-09 12:20:41','2022-09-09 12:20:41',-91,1,'(not associated)',''),
(1347,5,753,'2022-09-09 12:20:41','2022-09-09 12:20:41',-90,1,'(not associated)',''),
(1348,5,754,'2022-09-09 12:20:41','2022-09-09 12:20:41',-89,1,'(not associated)',''),
(1349,5,755,'2022-09-09 12:20:55','2022-09-09 12:20:55',-89,2,'(not associated)',''),
(1350,5,756,'2022-09-09 12:20:52','2022-09-09 12:20:52',-85,2,'(not associated)',''),
(1351,5,757,'2022-09-09 12:24:08','2022-09-09 12:24:08',-44,2,'(not associated)',''),
(1352,5,758,'2022-09-09 12:27:21','2022-09-09 12:27:21',-86,2,'(not associated)',''),
(1353,5,759,'2022-09-09 12:28:29','2022-09-09 12:28:29',-88,2,'(not associated)',''),
(1354,5,760,'2022-09-09 12:29:05','2022-09-09 12:29:05',-86,2,'(not associated)',''),
(1355,5,761,'2022-09-09 12:29:18','2022-09-09 12:29:18',-84,2,'(not associated)',''),
(1356,5,762,'2022-09-09 12:36:32','2022-09-09 12:36:32',-86,1,'(not associated)',''),
(1357,5,763,'2022-09-09 12:36:42','2022-09-09 12:36:42',-88,1,'(not associated)',''),
(1358,5,764,'2022-09-09 12:36:40','2022-09-09 12:36:40',-83,1,'(not associated)',''),
(1359,5,765,'2022-09-09 12:39:57','2022-09-09 12:39:57',-91,2,'(not associated)',''),
(1360,5,766,'2022-09-09 12:41:08','2022-09-09 12:41:08',-64,2,'(not associated)',''),
(1361,5,767,'2022-09-09 12:43:55','2022-09-09 12:43:55',-90,1,'(not associated)',''),
(1362,5,768,'2022-09-09 12:43:52','2022-09-09 12:43:52',-89,1,'(not associated)',''),
(1363,5,769,'2022-09-09 12:45:54','2022-09-09 12:45:54',-65,2,'(not associated)',''),
(1364,5,770,'2022-09-09 12:46:21','2022-09-09 12:46:21',-45,2,'(not associated)',''),
(1365,5,771,'2022-09-09 12:49:21','2022-09-09 12:49:21',-55,2,'(not associated)',''),
(1366,5,772,'2022-09-09 12:50:32','2022-09-09 12:50:32',-69,1,'(not associated)',''),
(1367,5,773,'2022-09-09 12:52:40','2022-09-09 12:52:40',-90,1,'(not associated)',''),
(1368,5,774,'2022-09-09 12:53:06','2022-09-09 12:53:06',-52,2,'(not associated)',''),
(1369,5,775,'2022-09-09 12:19:35','2022-09-09 12:53:33',-86,13,'(not associated)',''),
(1370,5,776,'2022-09-09 12:54:16','2022-09-09 12:54:16',-56,2,'(not associated)',''),
(1371,5,777,'2022-09-09 12:57:40','2022-09-09 12:57:40',-88,2,'(not associated)',''),
(1372,5,778,'2022-09-09 13:02:41','2022-09-09 13:02:41',-89,7,'(not associated)','FRITZ!Box 7530 DP'),
(1373,5,779,'2022-09-09 13:04:21','2022-09-09 13:04:21',-42,2,'(not associated)',''),
(1374,5,780,'2022-09-09 13:06:06','2022-09-09 13:06:06',-89,1,'(not associated)',''),
(1375,5,781,'2022-09-09 13:06:18','2022-09-09 13:06:18',-89,2,'(not associated)',''),
(1376,5,782,'2022-09-09 13:06:17','2022-09-09 13:06:17',-83,1,'(not associated)',''),
(1377,5,783,'2022-09-09 13:06:29','2022-09-09 13:06:29',-86,1,'(not associated)',''),
(1378,5,784,'2022-09-09 13:07:08','2022-09-09 13:07:08',-91,1,'(not associated)',''),
(1379,5,785,'2022-09-09 13:07:45','2022-09-09 13:07:45',-94,1,'(not associated)',''),
(1380,5,786,'2022-09-09 13:08:20','2022-09-09 13:08:20',-87,1,'(not associated)',''),
(1381,5,787,'2022-09-09 13:08:18','2022-09-09 13:08:18',-85,1,'(not associated)',''),
(1382,5,788,'2022-09-09 13:08:33','2022-09-09 13:08:33',-89,1,'(not associated)',''),
(1383,5,789,'2022-09-09 13:08:32','2022-09-09 13:08:32',-78,3,'(not associated)',''),
(1384,5,790,'2022-09-09 13:08:44','2022-09-09 13:08:44',-88,2,'(not associated)',''),
(1385,5,791,'2022-09-09 13:08:52','2022-09-09 13:08:52',-88,1,'(not associated)',''),
(1386,5,792,'2022-09-09 13:08:52','2022-09-09 13:08:52',-87,1,'(not associated)',''),
(1387,5,793,'2022-09-09 13:09:09','2022-09-09 13:09:09',-86,1,'(not associated)',''),
(1388,5,794,'2022-09-09 13:09:21','2022-09-09 13:09:21',-87,1,'(not associated)',''),
(1389,5,795,'2022-09-09 13:10:31','2022-09-09 13:10:31',-87,1,'(not associated)',''),
(1390,5,796,'2022-09-09 13:10:31','2022-09-09 13:10:31',-86,2,'(not associated)',''),
(1391,5,797,'2022-09-09 13:10:31','2022-09-09 13:10:31',-84,1,'(not associated)',''),
(1392,5,798,'2022-09-09 13:11:20','2022-09-09 13:11:20',-86,1,'(not associated)',''),
(1393,5,799,'2022-09-09 13:11:17','2022-09-09 13:11:17',-85,2,'(not associated)',''),
(1394,5,800,'2022-09-09 13:12:16','2022-09-09 13:12:16',-91,2,'(not associated)',''),
(1395,5,801,'2022-09-09 13:12:40','2022-09-09 13:12:40',-86,2,'(not associated)','FRITZ!Box 7530 QV'),
(1396,5,802,'2022-09-09 13:14:19','2022-09-09 13:14:19',-90,1,'(not associated)',''),
(1397,5,803,'2022-09-09 13:14:32','2022-09-09 13:14:32',-92,2,'(not associated)',''),
(1398,5,804,'2022-09-09 13:14:52','2022-09-09 13:14:52',-80,1,'(not associated)',''),
(1399,5,805,'2022-09-09 13:15:06','2022-09-09 13:15:06',-89,1,'(not associated)',''),
(1400,5,806,'2022-09-09 13:15:44','2022-09-09 13:15:44',-87,1,'(not associated)',''),
(1401,5,807,'2022-09-09 13:15:54','2022-09-09 13:15:54',-91,2,'(not associated)',''),
(1402,5,808,'2022-09-09 13:17:04','2022-09-09 13:17:04',-81,2,'(not associated)',''),
(1403,5,809,'2022-09-09 13:17:17','2022-09-09 13:17:17',-93,4,'(not associated)',''),
(1404,5,810,'2022-09-09 13:17:32','2022-09-09 13:17:32',-84,2,'(not associated)',''),
(1405,5,811,'2022-09-09 13:18:43','2022-09-09 13:18:43',-85,1,'(not associated)',''),
(1406,5,812,'2022-09-09 13:18:53','2022-09-09 13:18:53',-89,2,'(not associated)',''),
(1407,5,813,'2022-09-09 13:19:43','2022-09-09 13:19:43',-84,2,'(not associated)',''),
(1408,5,814,'2022-09-09 13:21:28','2022-09-09 13:21:28',-85,1,'(not associated)',''),
(1409,5,815,'2022-09-09 13:21:28','2022-09-09 13:21:28',-81,1,'(not associated)',''),
(1410,5,816,'2022-09-09 12:11:14','2022-09-09 13:25:16',-78,11,'(not associated)','FRITZ! Box 7530FE, FRITZ!Box 7530 QV'),
(1411,5,817,'2022-09-09 13:27:08','2022-09-09 13:27:08',-87,1,'(not associated)',''),
(1412,5,818,'2022-09-09 13:28:44','2022-09-09 13:28:44',-81,4,'(not associated)',''),
(1413,5,819,'2022-09-09 13:28:55','2022-09-09 13:28:55',-86,4,'(not associated)',''),
(1414,5,820,'2022-09-09 13:29:05','2022-09-09 13:29:05',-50,2,'(not associated)',''),
(1415,5,821,'2022-09-09 13:29:57','2022-09-09 13:29:57',-60,2,'(not associated)',''),
(1416,5,822,'2022-09-09 13:33:17','2022-09-09 13:33:17',-87,2,'(not associated)',''),
(1417,5,823,'2022-09-09 13:34:43','2022-09-09 13:34:43',-91,1,'(not associated)',''),
(1418,5,824,'2022-09-09 13:34:43','2022-09-09 13:34:43',-89,1,'(not associated)',''),
(1419,5,825,'2022-09-09 13:34:45','2022-09-09 13:34:45',-83,1,'(not associated)',''),
(1420,5,826,'2022-09-09 13:35:09','2022-09-09 13:35:09',-86,1,'(not associated)',''),
(1421,5,827,'2022-09-09 13:35:17','2022-09-09 13:35:17',-91,1,'(not associated)',''),
(1422,5,828,'2022-09-09 13:35:30','2022-09-09 13:35:30',-88,1,'(not associated)',''),
(1423,5,829,'2022-09-09 13:36:40','2022-09-09 13:36:40',-81,5,'(not associated)',''),
(1424,5,830,'2022-09-09 13:37:06','2022-09-09 13:37:06',-77,2,'(not associated)',''),
(1425,5,831,'2022-09-09 13:38:05','2022-09-09 13:38:05',-52,2,'(not associated)',''),
(1426,5,832,'2022-09-09 13:38:17','2022-09-09 13:38:17',-83,1,'(not associated)',''),
(1427,5,833,'2022-09-09 13:38:15','2022-09-09 13:38:16',-82,16,'DC:15:C8:4A:5A:DB','FRITZ!Box 7590 IO'),
(1428,5,834,'2022-09-09 13:38:08','2022-09-09 13:39:16',-82,2,'(not associated)',''),
(1429,5,835,'2022-09-09 13:39:32','2022-09-09 13:39:32',-88,1,'(not associated)',''),
(1430,5,836,'2022-09-09 13:40:57','2022-09-09 13:40:57',-87,2,'(not associated)',''),
(1431,5,837,'2022-09-09 13:41:18','2022-09-09 13:41:18',-88,1,'(not associated)',''),
(1432,5,838,'2022-09-09 13:41:32','2022-09-09 13:41:32',-89,1,'(not associated)',''),
(1433,5,839,'2022-09-09 13:42:05','2022-09-09 13:42:05',-88,2,'(not associated)',''),
(1434,5,840,'2022-09-09 13:42:05','2022-09-09 13:42:05',-86,2,'(not associated)',''),
(1435,5,841,'2022-09-09 13:40:12','2022-09-09 13:42:04',-79,15,'3C:37:12:2E:34:30',''),
(1436,5,842,'2022-09-09 13:40:07','2022-09-09 13:42:19',-90,11,'(not associated)',''),
(1437,5,843,'2022-09-09 13:42:17','2022-09-09 13:42:17',-84,2,'(not associated)',''),
(1438,5,844,'2022-09-09 13:42:30','2022-09-09 13:42:30',-80,2,'(not associated)',''),
(1439,5,845,'2022-09-09 13:42:40','2022-09-09 13:42:40',-87,2,'(not associated)',''),
(1440,5,846,'2022-09-09 13:42:57','2022-09-09 13:42:57',-81,2,'(not associated)',''),
(1441,5,847,'2022-09-09 13:42:56','2022-09-09 13:42:56',-80,2,'(not associated)',''),
(1442,5,848,'2022-09-09 12:27:37','2022-09-09 13:43:09',-56,51,'74:42:7F:59:ED:B1','Warleberg'),
(1443,5,849,'2022-09-09 13:43:28','2022-09-09 13:43:28',-89,3,'(not associated)',''),
(1444,5,850,'2022-09-09 13:03:31','2022-09-09 13:43:28',-87,9,'DC:15:C8:4A:5A:DB',''),
(1445,5,851,'2022-09-09 13:43:53','2022-09-09 13:43:53',-87,1,'(not associated)',''),
(1446,5,852,'2022-09-09 13:43:54','2022-09-09 13:43:54',-87,1,'(not associated)',''),
(1447,5,853,'2022-09-09 13:44:09','2022-09-09 13:44:09',-88,2,'(not associated)',''),
(1448,5,854,'2022-09-09 13:44:17','2022-09-09 13:44:17',-89,2,'(not associated)',''),
(1449,5,855,'2022-09-09 13:44:21','2022-09-09 13:44:21',-87,1,'(not associated)',''),
(1450,5,856,'2022-09-09 13:44:21','2022-09-09 13:44:21',-83,2,'(not associated)',''),
(1451,5,857,'2022-09-09 13:44:28','2022-09-09 13:44:28',-84,4,'(not associated)',''),
(1452,5,858,'2022-09-09 12:10:42','2022-09-09 13:44:41',-68,84,'74:42:7F:59:ED:B1',''),
(1453,5,859,'2022-09-09 13:44:55','2022-09-09 13:44:55',-83,4,'(not associated)',''),
(1454,5,860,'2022-09-09 13:45:06','2022-09-09 13:45:06',-84,2,'(not associated)',''),
(1455,5,861,'2022-09-09 13:45:17','2022-09-09 13:45:17',-83,5,'(not associated)',''),
(1456,5,862,'2022-09-09 13:45:20','2022-09-09 13:45:20',-80,3,'(not associated)',''),
(1457,5,863,'2022-09-09 13:45:28','2022-09-09 13:45:28',-85,1,'(not associated)',''),
(1458,5,864,'2022-09-09 13:45:28','2022-09-09 13:45:28',-80,1,'(not associated)',''),
(1459,5,865,'2022-09-09 13:45:28','2022-09-09 13:45:28',-80,2,'(not associated)',''),
(1460,5,866,'2022-09-09 13:45:52','2022-09-09 13:45:52',-89,1,'(not associated)',''),
(1461,5,867,'2022-09-09 13:45:53','2022-09-09 13:45:53',-87,1,'(not associated)',''),
(1462,5,868,'2022-09-09 12:23:45','2022-09-09 13:45:52',-84,66,'DC:15:C8:4A:5A:DB',''),
(1463,5,869,'2022-09-09 13:46:19','2022-09-09 13:46:19',-81,1,'(not associated)',''),
(1464,5,870,'2022-09-09 12:09:52','2022-09-09 13:46:30',-89,13,'(not associated)',''),
(1465,5,871,'2022-09-09 12:18:39','2022-09-09 13:46:44',-82,70,'74:42:7F:59:ED:B1','Warleberg'),
(1466,5,872,'2022-09-09 12:09:47','2022-09-09 13:47:56',-71,63,'DC:39:6F:C3:58:4D',''),
(1467,5,873,'2022-09-09 13:47:57','2022-09-09 13:47:57',-71,2,'(not associated)',''),
(1468,5,874,'2022-09-09 13:48:33','2022-09-09 13:48:33',-85,3,'(not associated)',''),
(1469,5,875,'2022-09-09 12:09:21','2022-09-09 13:48:28',-82,387,'A0:D8:07:60:BC:94',''),
(1470,5,876,'2022-09-09 12:11:40','2022-09-09 13:48:28',-77,23,'A0:D8:07:60:BC:94',''),
(1471,5,877,'2022-09-09 13:48:44','2022-09-09 13:48:44',-80,1,'(not associated)','FRITZ!Box 7530 QV'),
(1472,5,878,'2022-09-09 13:48:44','2022-09-09 13:48:44',-78,2,'(not associated)','FRITZ!Box 7530 QV'),
(1473,5,879,'2022-09-09 13:48:44','2022-09-09 13:48:44',-78,1,'(not associated)','FRITZ!Box 7530 QV'),
(1474,5,880,'2022-09-09 13:49:17','2022-09-09 13:49:17',-89,2,'(not associated)',''),
(1475,5,881,'2022-09-09 12:15:00','2022-09-09 13:49:00',-88,31,'(not associated)',''),
(1476,5,882,'2022-09-09 13:49:49','2022-09-09 13:49:49',-88,2,'(not associated)',''),
(1477,5,883,'2022-09-09 12:10:04','2022-09-09 13:49:47',-87,967,'(not associated)','gigacube_5G-3460'),
(1478,5,884,'2022-09-09 13:49:47','2022-09-09 13:49:47',-87,1,'(not associated)',''),
(1479,5,885,'2022-09-09 13:49:28','2022-09-09 13:49:28',-85,1,'(not associated)',''),
(1480,5,886,'2022-09-09 13:46:01','2022-09-09 13:49:51',-83,328,'3C:37:12:2E:34:30','FRITZ!Box 7530 QV'),
(1481,5,887,'2022-09-09 12:10:03','2022-09-09 13:49:16',-82,157,'3C:37:12:2E:34:30',''),
(1482,5,888,'2022-09-09 12:09:47','2022-09-09 13:49:03',-79,171,'A0:D8:07:60:BC:94',''),
(1483,5,889,'2022-09-09 12:09:29','2022-09-09 13:49:44',-74,176,'A0:D8:07:60:BC:94','WLAN1-A1R7JB, WLAN1-5G-A1R7JB, WLAN15G-A1R7JB, WLANHS20'),
(1484,5,890,'2022-09-09 13:49:20','2022-09-09 13:49:20',-64,1,'(not associated)',''),
(1485,5,891,'2022-09-09 13:49:52','2022-09-09 13:49:53',-86,3,'(not associated)',''),
(1486,6,595,'2022-09-09 13:48:24','2022-09-09 13:48:24',-49,2,'(not associated)',''),
(1487,6,596,'2022-09-09 13:05:25','2022-09-09 13:47:49',-85,35,'E0:28:6D:3B:83:14','WLAN-747745'),
(1488,6,597,'2022-09-09 13:47:25','2022-09-09 13:47:25',-87,1,'(not associated)',''),
(1489,6,598,'2022-09-09 12:13:54','2022-09-09 13:47:15',-55,163,'74:42:7F:59:ED:B1','Warleberg'),
(1490,6,599,'2022-09-09 13:46:47','2022-09-09 13:46:47',-84,1,'(not associated)',''),
(1491,6,600,'2022-09-09 12:14:20','2022-09-09 13:46:51',-84,78,'74:42:7F:59:ED:B1','Warleberg'),
(1492,6,601,'2022-09-09 13:46:48','2022-09-09 13:46:48',-85,1,'(not associated)',''),
(1493,6,602,'2022-09-09 13:46:48','2022-09-09 13:46:48',-88,2,'(not associated)',''),
(1494,6,603,'2022-09-09 12:20:33','2022-09-09 13:46:48',-88,56,'(not associated)',''),
(1495,6,604,'2022-09-09 12:18:13','2022-09-09 13:46:14',-67,29,'(not associated)','Warleberg'),
(1496,6,605,'2022-09-09 13:46:15','2022-09-09 13:46:15',-84,1,'(not associated)',''),
(1497,6,606,'2022-09-09 13:45:14','2022-09-09 13:45:14',-82,2,'(not associated)',''),
(1498,6,607,'2022-09-09 13:45:10','2022-09-09 13:45:10',-88,2,'(not associated)',''),
(1499,6,608,'2022-09-09 13:44:59','2022-09-09 13:44:59',-82,5,'(not associated)',''),
(1500,6,609,'2022-09-09 13:45:03','2022-09-09 13:45:03',-85,4,'(not associated)',''),
(1501,6,610,'2022-09-09 13:44:29','2022-09-09 13:44:35',-53,13,'(not associated)','Warleberg'),
(1502,6,611,'2022-09-09 13:44:38','2022-09-09 13:44:38',-87,1,'(not associated)',''),
(1503,6,612,'2022-09-09 13:44:13','2022-09-09 13:44:13',-83,1,'(not associated)',''),
(1504,6,613,'2022-09-09 12:19:21','2022-09-09 13:42:35',-44,36,'74:42:7F:59:ED:B0',''),
(1505,6,614,'2022-09-09 13:42:35','2022-09-09 13:42:35',-45,3,'(not associated)',''),
(1506,6,615,'2022-09-09 13:42:38','2022-09-09 13:42:38',-82,1,'(not associated)',''),
(1507,6,616,'2022-09-09 13:42:35','2022-09-09 13:42:35',-86,3,'DC:39:6F:C3:58:4D',''),
(1508,6,617,'2022-09-09 13:41:46','2022-09-09 13:41:46',-89,2,'(not associated)',''),
(1509,6,618,'2022-09-09 13:40:49','2022-09-09 13:40:49',-85,6,'(not associated)',''),
(1510,6,619,'2022-09-09 13:40:35','2022-09-09 13:40:35',-90,1,'(not associated)',''),
(1511,6,620,'2022-09-09 13:37:22','2022-09-09 13:39:59',-87,12,'(not associated)','FRITZ!Box 7590 IO'),
(1512,6,621,'2022-09-09 13:38:11','2022-09-09 13:38:11',-85,1,'(not associated)',''),
(1513,6,622,'2022-09-09 13:38:14','2022-09-09 13:38:14',-90,1,'(not associated)',''),
(1514,6,623,'2022-09-09 13:37:47','2022-09-09 13:37:47',-76,1,'(not associated)',''),
(1515,6,624,'2022-09-09 13:37:36','2022-09-09 13:37:36',-86,2,'(not associated)',''),
(1516,6,625,'2022-09-09 13:37:36','2022-09-09 13:37:36',-87,1,'(not associated)',''),
(1517,6,626,'2022-09-09 13:37:37','2022-09-09 13:37:37',-90,1,'(not associated)',''),
(1518,6,627,'2022-09-09 13:37:02','2022-09-09 13:37:03',-81,6,'(not associated)','WLAN1-5G-A1R7JB'),
(1519,6,628,'2022-09-09 13:36:50','2022-09-09 13:36:50',-46,1,'(not associated)',''),
(1520,6,629,'2022-09-09 12:13:17','2022-09-09 13:36:35',-77,53,'(not associated)','WLAN1-5G-A1R7JB'),
(1521,6,630,'2022-09-09 12:29:05','2022-09-09 13:35:48',-89,16,'(not associated)','WLAN1-5G-A1R7JB'),
(1522,6,631,'2022-09-09 13:34:58','2022-09-09 13:34:58',-89,1,'(not associated)',''),
(1523,6,632,'2022-09-09 13:34:51','2022-09-09 13:34:51',-85,2,'(not associated)',''),
(1524,6,633,'2022-09-09 13:34:48','2022-09-09 13:34:48',-85,2,'(not associated)',''),
(1525,6,634,'2022-09-09 13:34:23','2022-09-09 13:34:23',-81,2,'(not associated)',''),
(1526,6,635,'2022-09-09 13:34:24','2022-09-09 13:34:24',-91,2,'(not associated)',''),
(1527,6,636,'2022-09-09 13:33:34','2022-09-09 13:33:34',-86,1,'(not associated)',''),
(1528,6,637,'2022-09-09 13:31:02','2022-09-09 13:31:02',-78,2,'(not associated)',''),
(1529,6,638,'2022-09-09 13:30:49','2022-09-09 13:30:49',-89,1,'(not associated)',''),
(1530,6,639,'2022-09-09 12:18:25','2022-09-09 13:29:00',-39,15,'(not associated)','Warleberg'),
(1531,6,640,'2022-09-09 12:24:49','2022-09-09 13:27:50',-55,15,'74:42:7F:59:ED:B0',''),
(1532,6,641,'2022-09-09 13:27:47','2022-09-09 13:27:47',-91,2,'(not associated)',''),
(1533,6,642,'2022-09-09 13:25:27','2022-09-09 13:25:27',-86,1,'(not associated)',''),
(1534,6,643,'2022-09-09 12:25:20','2022-09-09 13:20:27',-56,5,'3C:37:12:2E:34:30',''),
(1535,6,644,'2022-09-09 13:19:39','2022-09-09 13:19:39',-77,2,'(not associated)',''),
(1536,6,645,'2022-09-09 13:19:23','2022-09-09 13:19:23',-87,1,'(not associated)',''),
(1537,6,646,'2022-09-09 13:18:50','2022-09-09 13:18:50',-45,2,'(not associated)',''),
(1538,6,647,'2022-09-09 13:18:50','2022-09-09 13:18:50',-89,1,'(not associated)',''),
(1539,6,648,'2022-09-09 13:17:47','2022-09-09 13:17:47',-85,1,'(not associated)',''),
(1540,6,649,'2022-09-09 13:17:35','2022-09-09 13:17:35',-87,1,'(not associated)',''),
(1541,6,650,'2022-09-09 13:17:25','2022-09-09 13:17:25',-87,1,'(not associated)',''),
(1542,6,651,'2022-09-09 13:17:01','2022-09-09 13:17:01',-85,3,'(not associated)',''),
(1543,6,652,'2022-09-09 13:16:02','2022-09-09 13:16:02',-49,1,'(not associated)',''),
(1544,6,653,'2022-09-09 13:13:02','2022-09-09 13:13:02',-80,1,'(not associated)',''),
(1545,6,654,'2022-09-09 13:10:24','2022-09-09 13:10:24',-87,1,'(not associated)',''),
(1546,6,655,'2022-09-09 13:09:47','2022-09-09 13:09:47',-86,2,'(not associated)',''),
(1547,6,656,'2022-09-09 13:08:49','2022-09-09 13:08:49',-87,1,'(not associated)',''),
(1548,6,657,'2022-09-09 13:08:49','2022-09-09 13:08:49',-90,1,'(not associated)',''),
(1549,6,658,'2022-09-09 13:07:50','2022-09-09 13:07:50',-84,2,'(not associated)',''),
(1550,6,659,'2022-09-09 13:07:35','2022-09-09 13:07:35',-85,1,'(not associated)',''),
(1551,6,660,'2022-09-09 13:07:14','2022-09-09 13:07:14',-85,1,'(not associated)',''),
(1552,6,661,'2022-09-09 13:07:14','2022-09-09 13:07:14',-91,2,'(not associated)',''),
(1553,6,662,'2022-09-09 13:06:26','2022-09-09 13:06:26',-95,1,'(not associated)',''),
(1554,6,663,'2022-09-09 13:06:15','2022-09-09 13:06:15',-85,1,'(not associated)',''),
(1555,6,664,'2022-09-09 13:06:11','2022-09-09 13:06:11',-85,2,'(not associated)',''),
(1556,6,665,'2022-09-09 13:04:50','2022-09-09 13:04:50',-89,4,'(not associated)','FRITZ!Box 7590 IO'),
(1557,6,666,'2022-09-09 13:04:34','2022-09-09 13:04:34',-85,4,'(not associated)','wlan-215588'),
(1558,6,667,'2022-09-09 13:02:23','2022-09-09 13:02:23',-94,1,'(not associated)',''),
(1559,6,668,'2022-09-09 13:00:49','2022-09-09 13:00:49',-38,2,'(not associated)',''),
(1560,6,669,'2022-09-09 13:00:11','2022-09-09 13:00:11',-88,2,'(not associated)',''),
(1561,6,670,'2022-09-09 12:59:26','2022-09-09 12:59:26',-78,4,'(not associated)','FRITZ!Box 7530 QV'),
(1562,6,671,'2022-09-09 12:32:33','2022-09-09 12:57:15',-78,19,'A0:D8:07:60:BC:96','WLAN1-5G-A1R7JB'),
(1563,6,672,'2022-09-09 12:52:36','2022-09-09 12:52:36',-87,2,'(not associated)',''),
(1564,6,673,'2022-09-09 12:44:36','2022-09-09 12:44:36',-92,1,'(not associated)',''),
(1565,6,674,'2022-09-09 12:37:37','2022-09-09 12:37:37',-88,1,'(not associated)',''),
(1566,6,675,'2022-09-09 12:36:35','2022-09-09 12:36:35',-71,2,'(not associated)',''),
(1567,6,676,'2022-09-09 12:36:35','2022-09-09 12:36:35',-76,2,'(not associated)',''),
(1568,6,677,'2022-09-09 12:31:14','2022-09-09 12:31:14',-89,4,'(not associated)',''),
(1569,6,678,'2022-09-09 12:27:36','2022-09-09 12:27:36',-54,2,'(not associated)',''),
(1570,6,679,'2022-09-09 12:27:24','2022-09-09 12:27:24',-1,2,'74:42:7F:59:E9:2E',''),
(1571,6,680,'2022-09-09 12:26:37','2022-09-09 12:26:37',-86,1,'(not associated)',''),
(1572,6,681,'2022-09-09 12:26:37','2022-09-09 12:26:37',-87,1,'(not associated)',''),
(1573,6,682,'2022-09-09 12:24:49','2022-09-09 12:24:49',-53,1,'(not associated)',''),
(1574,6,683,'2022-09-09 12:21:02','2022-09-09 12:21:02',-89,1,'(not associated)',''),
(1575,6,684,'2022-09-09 12:20:51','2022-09-09 12:20:51',-83,2,'(not associated)',''),
(1576,6,685,'2022-09-09 12:20:39','2022-09-09 12:20:39',-90,2,'(not associated)',''),
(1577,6,686,'2022-09-09 12:20:27','2022-09-09 12:20:27',-88,2,'(not associated)',''),
(1578,6,687,'2022-09-09 12:20:23','2022-09-09 12:20:23',-89,1,'(not associated)',''),
(1579,6,688,'2022-09-09 12:20:11','2022-09-09 12:20:11',-90,1,'(not associated)',''),
(1580,6,689,'2022-09-09 12:19:46','2022-09-09 12:19:46',-86,1,'(not associated)',''),
(1581,6,690,'2022-09-09 12:19:46','2022-09-09 12:19:46',-90,2,'(not associated)',''),
(1582,6,691,'2022-09-09 12:19:34','2022-09-09 12:19:34',-90,1,'(not associated)',''),
(1583,6,692,'2022-09-09 12:19:14','2022-09-09 12:19:14',-89,2,'(not associated)',''),
(1584,6,693,'2022-09-09 12:19:13','2022-09-09 12:19:13',-89,1,'(not associated)',''),
(1585,6,694,'2022-09-09 12:18:48','2022-09-09 12:18:48',-77,1,'(not associated)','Warleberg'),
(1586,6,695,'2022-09-09 12:18:47','2022-09-09 12:18:47',-83,1,'(not associated)','Warleberg'),
(1587,6,696,'2022-09-09 12:18:49','2022-09-09 12:18:49',-86,2,'(not associated)',''),
(1588,6,697,'2022-09-09 12:18:37','2022-09-09 12:18:37',-87,1,'(not associated)',''),
(1589,6,698,'2022-09-09 12:18:04','2022-09-09 12:18:24',-60,8,'00:25:00:FF:94:73',''),
(1590,6,699,'2022-09-09 12:18:24','2022-09-09 12:18:24',-92,1,'(not associated)',''),
(1591,6,700,'2022-09-09 12:17:49','2022-09-09 12:17:49',-89,2,'(not associated)',''),
(1592,6,701,'2022-09-09 12:17:50','2022-09-09 12:17:50',-90,2,'(not associated)',''),
(1593,6,702,'2022-09-09 12:17:38','2022-09-09 12:17:38',-88,2,'(not associated)',''),
(1594,6,703,'2022-09-09 12:17:11','2022-09-09 12:17:11',-90,1,'(not associated)',''),
(1595,6,704,'2022-09-09 12:17:03','2022-09-09 12:17:03',-89,1,'(not associated)',''),
(1596,6,705,'2022-09-09 12:16:23','2022-09-09 12:16:23',-69,1,'(not associated)','Warleberg'),
(1597,6,706,'2022-09-09 12:16:23','2022-09-09 12:16:23',-69,2,'(not associated)','Warleberg'),
(1598,6,707,'2022-09-09 12:16:23','2022-09-09 12:16:23',-70,1,'(not associated)','Warleberg'),
(1599,6,708,'2022-09-09 12:16:23','2022-09-09 12:16:23',-70,1,'(not associated)','Warleberg'),
(1600,6,709,'2022-09-09 12:15:41','2022-09-09 12:15:51',-87,9,'(not associated)','FRITZ!Box 7590 IO'),
(1601,6,710,'2022-09-09 12:14:58','2022-09-09 12:14:58',-90,1,'(not associated)',''),
(1602,6,711,'2022-09-09 12:14:48','2022-09-09 12:14:48',-83,2,'(not associated)',''),
(1603,6,712,'2022-09-09 12:14:12','2022-09-09 12:14:12',-87,2,'(not associated)',''),
(1604,6,713,'2022-09-09 12:14:14','2022-09-09 12:14:14',-92,1,'(not associated)',''),
(1605,6,714,'2022-09-09 12:13:58','2022-09-09 12:13:58',-78,1,'(not associated)','Warleberg'),
(1606,6,715,'2022-09-09 12:13:58','2022-09-09 12:13:58',-78,1,'(not associated)','Warleberg'),
(1607,6,716,'2022-09-09 12:14:03','2022-09-09 12:14:03',-84,2,'(not associated)',''),
(1608,6,717,'2022-09-09 12:13:38','2022-09-09 12:13:38',-81,1,'(not associated)',''),
(1609,6,718,'2022-09-09 12:13:38','2022-09-09 12:13:38',-82,2,'(not associated)',''),
(1610,6,719,'2022-09-09 12:13:38','2022-09-09 12:13:38',-86,2,'(not associated)',''),
(1611,6,720,'2022-09-09 12:10:43','2022-09-09 12:11:10',-1,3,'DC:15:C8:4A:5A:DB',''),
(1612,6,721,'2022-09-09 12:10:55','2022-09-09 12:10:55',-49,1,'(not associated)',''),
(1613,6,722,'2022-09-09 12:13:09','2022-09-09 12:13:09',-67,2,'(not associated)',''),
(1614,6,723,'2022-09-09 12:13:42','2022-09-09 12:13:42',-84,1,'(not associated)',''),
(1615,6,724,'2022-09-09 12:14:06','2022-09-09 12:14:06',-88,2,'(not associated)',''),
(1616,6,725,'2022-09-09 12:14:06','2022-09-09 12:14:06',-87,1,'(not associated)',''),
(1617,6,726,'2022-09-09 12:14:17','2022-09-09 12:14:17',-71,1,'(not associated)','Warleberg'),
(1618,6,727,'2022-09-09 12:14:17','2022-09-09 12:14:17',-70,1,'(not associated)','Warleberg'),
(1619,6,728,'2022-09-09 12:14:40','2022-09-09 12:14:53',-85,15,'DC:39:6F:A1:93:07',''),
(1620,6,729,'2022-09-09 12:16:05','2022-09-09 12:16:05',-84,1,'(not associated)',''),
(1621,6,730,'2022-09-09 12:16:09','2022-09-09 12:16:09',-83,1,'(not associated)',''),
(1622,6,731,'2022-09-09 12:16:31','2022-09-09 12:16:31',-92,2,'(not associated)',''),
(1623,6,732,'2022-09-09 12:16:53','2022-09-09 12:16:53',-85,3,'(not associated)',''),
(1624,6,733,'2022-09-09 12:17:07','2022-09-09 12:17:07',-75,1,'(not associated)',''),
(1625,6,734,'2022-09-09 12:17:21','2022-09-09 12:17:21',-87,1,'(not associated)',''),
(1626,6,735,'2022-09-09 12:17:18','2022-09-09 12:17:18',-86,3,'(not associated)',''),
(1627,6,736,'2022-09-09 12:17:45','2022-09-09 12:17:45',-85,2,'(not associated)',''),
(1628,6,737,'2022-09-09 12:17:54','2022-09-09 12:17:54',-89,2,'(not associated)',''),
(1629,6,738,'2022-09-09 12:18:20','2022-09-09 12:18:20',-91,2,'(not associated)',''),
(1630,6,739,'2022-09-09 12:18:16','2022-09-09 12:18:16',-86,1,'(not associated)',''),
(1631,6,740,'2022-09-09 12:18:33','2022-09-09 12:18:33',-88,2,'(not associated)',''),
(1632,6,741,'2022-09-09 12:18:57','2022-09-09 12:18:57',-88,2,'(not associated)',''),
(1633,6,742,'2022-09-09 12:18:53','2022-09-09 12:18:53',-86,2,'(not associated)',''),
(1634,6,743,'2022-09-09 12:19:21','2022-09-09 12:19:21',-85,1,'(not associated)',''),
(1635,6,744,'2022-09-09 12:19:21','2022-09-09 12:19:21',-53,2,'(not associated)',''),
(1636,6,745,'2022-09-09 12:19:29','2022-09-09 12:19:29',-88,1,'(not associated)','Warleberg'),
(1637,6,746,'2022-09-09 12:19:29','2022-09-09 12:19:29',-86,1,'(not associated)','Warleberg'),
(1638,6,747,'2022-09-09 12:19:30','2022-09-09 12:19:30',-86,1,'(not associated)',''),
(1639,6,748,'2022-09-09 12:19:30','2022-09-09 12:19:30',-84,1,'(not associated)','Warleberg'),
(1640,6,749,'2022-09-09 12:19:42','2022-09-09 12:19:42',-86,2,'(not associated)',''),
(1641,6,750,'2022-09-09 12:20:07','2022-09-09 12:20:07',-86,2,'(not associated)',''),
(1642,6,751,'2022-09-09 12:20:19','2022-09-09 12:20:19',-85,2,'(not associated)',''),
(1643,6,752,'2022-09-09 12:20:41','2022-09-09 12:20:41',-91,1,'(not associated)',''),
(1644,6,753,'2022-09-09 12:20:41','2022-09-09 12:20:41',-90,1,'(not associated)',''),
(1645,6,754,'2022-09-09 12:20:41','2022-09-09 12:20:41',-89,1,'(not associated)',''),
(1646,6,755,'2022-09-09 12:20:55','2022-09-09 12:20:55',-89,2,'(not associated)',''),
(1647,6,756,'2022-09-09 12:20:52','2022-09-09 12:20:52',-85,2,'(not associated)',''),
(1648,6,757,'2022-09-09 12:24:08','2022-09-09 12:24:08',-44,2,'(not associated)',''),
(1649,6,758,'2022-09-09 12:27:21','2022-09-09 12:27:21',-86,2,'(not associated)',''),
(1650,6,759,'2022-09-09 12:28:29','2022-09-09 12:28:29',-88,2,'(not associated)',''),
(1651,6,760,'2022-09-09 12:29:05','2022-09-09 12:29:05',-86,2,'(not associated)',''),
(1652,6,761,'2022-09-09 12:29:18','2022-09-09 12:29:18',-84,2,'(not associated)',''),
(1653,6,762,'2022-09-09 12:36:32','2022-09-09 12:36:32',-86,1,'(not associated)',''),
(1654,6,763,'2022-09-09 12:36:42','2022-09-09 12:36:42',-88,1,'(not associated)',''),
(1655,6,764,'2022-09-09 12:36:40','2022-09-09 12:36:40',-83,1,'(not associated)',''),
(1656,6,765,'2022-09-09 12:39:57','2022-09-09 12:39:57',-91,2,'(not associated)',''),
(1657,6,766,'2022-09-09 12:41:08','2022-09-09 12:41:08',-64,2,'(not associated)',''),
(1658,6,767,'2022-09-09 12:43:55','2022-09-09 12:43:55',-90,1,'(not associated)',''),
(1659,6,768,'2022-09-09 12:43:52','2022-09-09 12:43:52',-89,1,'(not associated)',''),
(1660,6,769,'2022-09-09 12:45:54','2022-09-09 12:45:54',-65,2,'(not associated)',''),
(1661,6,770,'2022-09-09 12:46:21','2022-09-09 12:46:21',-45,2,'(not associated)',''),
(1662,6,771,'2022-09-09 12:49:21','2022-09-09 12:49:21',-55,2,'(not associated)',''),
(1663,6,772,'2022-09-09 12:50:32','2022-09-09 12:50:32',-69,1,'(not associated)',''),
(1664,6,773,'2022-09-09 12:52:40','2022-09-09 12:52:40',-90,1,'(not associated)',''),
(1665,6,774,'2022-09-09 12:53:06','2022-09-09 12:53:06',-52,2,'(not associated)',''),
(1666,6,775,'2022-09-09 12:19:35','2022-09-09 12:53:33',-86,13,'(not associated)',''),
(1667,6,776,'2022-09-09 12:54:16','2022-09-09 12:54:16',-56,2,'(not associated)',''),
(1668,6,777,'2022-09-09 12:57:40','2022-09-09 12:57:40',-88,2,'(not associated)',''),
(1669,6,778,'2022-09-09 13:02:41','2022-09-09 13:02:41',-89,7,'(not associated)','FRITZ!Box 7530 DP'),
(1670,6,779,'2022-09-09 13:04:21','2022-09-09 13:04:21',-42,2,'(not associated)',''),
(1671,6,780,'2022-09-09 13:06:06','2022-09-09 13:06:06',-89,1,'(not associated)',''),
(1672,6,781,'2022-09-09 13:06:18','2022-09-09 13:06:18',-89,2,'(not associated)',''),
(1673,6,782,'2022-09-09 13:06:17','2022-09-09 13:06:17',-83,1,'(not associated)',''),
(1674,6,783,'2022-09-09 13:06:29','2022-09-09 13:06:29',-86,1,'(not associated)',''),
(1675,6,784,'2022-09-09 13:07:08','2022-09-09 13:07:08',-91,1,'(not associated)',''),
(1676,6,785,'2022-09-09 13:07:45','2022-09-09 13:07:45',-94,1,'(not associated)',''),
(1677,6,786,'2022-09-09 13:08:20','2022-09-09 13:08:20',-87,1,'(not associated)',''),
(1678,6,787,'2022-09-09 13:08:18','2022-09-09 13:08:18',-85,1,'(not associated)',''),
(1679,6,788,'2022-09-09 13:08:33','2022-09-09 13:08:33',-89,1,'(not associated)',''),
(1680,6,789,'2022-09-09 13:08:32','2022-09-09 13:08:32',-78,3,'(not associated)',''),
(1681,6,790,'2022-09-09 13:08:44','2022-09-09 13:08:44',-88,2,'(not associated)',''),
(1682,6,791,'2022-09-09 13:08:52','2022-09-09 13:08:52',-88,1,'(not associated)',''),
(1683,6,792,'2022-09-09 13:08:52','2022-09-09 13:08:52',-87,1,'(not associated)',''),
(1684,6,793,'2022-09-09 13:09:09','2022-09-09 13:09:09',-86,1,'(not associated)',''),
(1685,6,794,'2022-09-09 13:09:21','2022-09-09 13:09:21',-87,1,'(not associated)',''),
(1686,6,795,'2022-09-09 13:10:31','2022-09-09 13:10:31',-87,1,'(not associated)',''),
(1687,6,796,'2022-09-09 13:10:31','2022-09-09 13:10:31',-86,2,'(not associated)',''),
(1688,6,797,'2022-09-09 13:10:31','2022-09-09 13:10:31',-84,1,'(not associated)',''),
(1689,6,798,'2022-09-09 13:11:20','2022-09-09 13:11:20',-86,1,'(not associated)',''),
(1690,6,799,'2022-09-09 13:11:17','2022-09-09 13:11:17',-85,2,'(not associated)',''),
(1691,6,800,'2022-09-09 13:12:16','2022-09-09 13:12:16',-91,2,'(not associated)',''),
(1692,6,801,'2022-09-09 13:12:40','2022-09-09 13:12:40',-86,2,'(not associated)','FRITZ!Box 7530 QV'),
(1693,6,802,'2022-09-09 13:14:19','2022-09-09 13:14:19',-90,1,'(not associated)',''),
(1694,6,803,'2022-09-09 13:14:32','2022-09-09 13:14:32',-92,2,'(not associated)',''),
(1695,6,804,'2022-09-09 13:14:52','2022-09-09 13:14:52',-80,1,'(not associated)',''),
(1696,6,805,'2022-09-09 13:15:06','2022-09-09 13:15:06',-89,1,'(not associated)',''),
(1697,6,806,'2022-09-09 13:15:44','2022-09-09 13:15:44',-87,1,'(not associated)',''),
(1698,6,807,'2022-09-09 13:15:54','2022-09-09 13:15:54',-91,2,'(not associated)',''),
(1699,6,808,'2022-09-09 13:17:04','2022-09-09 13:17:04',-81,2,'(not associated)',''),
(1700,6,809,'2022-09-09 13:17:17','2022-09-09 13:17:17',-93,4,'(not associated)',''),
(1701,6,810,'2022-09-09 13:17:32','2022-09-09 13:17:32',-84,2,'(not associated)',''),
(1702,6,811,'2022-09-09 13:18:43','2022-09-09 13:18:43',-85,1,'(not associated)',''),
(1703,6,812,'2022-09-09 13:18:53','2022-09-09 13:18:53',-89,2,'(not associated)',''),
(1704,6,813,'2022-09-09 13:19:43','2022-09-09 13:19:43',-84,2,'(not associated)',''),
(1705,6,814,'2022-09-09 13:21:28','2022-09-09 13:21:28',-85,1,'(not associated)',''),
(1706,6,815,'2022-09-09 13:21:28','2022-09-09 13:21:28',-81,1,'(not associated)',''),
(1707,6,816,'2022-09-09 12:11:14','2022-09-09 13:25:16',-78,11,'(not associated)','FRITZ! Box 7530FE, FRITZ!Box 7530 QV'),
(1708,6,817,'2022-09-09 13:27:08','2022-09-09 13:27:08',-87,1,'(not associated)',''),
(1709,6,818,'2022-09-09 13:28:44','2022-09-09 13:28:44',-81,4,'(not associated)',''),
(1710,6,819,'2022-09-09 13:28:55','2022-09-09 13:28:55',-86,4,'(not associated)',''),
(1711,6,820,'2022-09-09 13:29:05','2022-09-09 13:29:05',-50,2,'(not associated)',''),
(1712,6,821,'2022-09-09 13:29:57','2022-09-09 13:29:57',-60,2,'(not associated)',''),
(1713,6,822,'2022-09-09 13:33:17','2022-09-09 13:33:17',-87,2,'(not associated)',''),
(1714,6,823,'2022-09-09 13:34:43','2022-09-09 13:34:43',-91,1,'(not associated)',''),
(1715,6,824,'2022-09-09 13:34:43','2022-09-09 13:34:43',-89,1,'(not associated)',''),
(1716,6,825,'2022-09-09 13:34:45','2022-09-09 13:34:45',-83,1,'(not associated)',''),
(1717,6,826,'2022-09-09 13:35:09','2022-09-09 13:35:09',-86,1,'(not associated)',''),
(1718,6,827,'2022-09-09 13:35:17','2022-09-09 13:35:17',-91,1,'(not associated)',''),
(1719,6,828,'2022-09-09 13:35:30','2022-09-09 13:35:30',-88,1,'(not associated)',''),
(1720,6,829,'2022-09-09 13:36:40','2022-09-09 13:36:40',-81,5,'(not associated)',''),
(1721,6,830,'2022-09-09 13:37:06','2022-09-09 13:37:06',-77,2,'(not associated)',''),
(1722,6,831,'2022-09-09 13:38:05','2022-09-09 13:38:05',-52,2,'(not associated)',''),
(1723,6,832,'2022-09-09 13:38:17','2022-09-09 13:38:17',-83,1,'(not associated)',''),
(1724,6,833,'2022-09-09 13:38:15','2022-09-09 13:38:16',-82,16,'DC:15:C8:4A:5A:DB','FRITZ!Box 7590 IO'),
(1725,6,834,'2022-09-09 13:38:08','2022-09-09 13:39:16',-82,2,'(not associated)',''),
(1726,6,835,'2022-09-09 13:39:32','2022-09-09 13:39:32',-88,1,'(not associated)',''),
(1727,6,836,'2022-09-09 13:40:57','2022-09-09 13:40:57',-87,2,'(not associated)',''),
(1728,6,837,'2022-09-09 13:41:18','2022-09-09 13:41:18',-88,1,'(not associated)',''),
(1729,6,838,'2022-09-09 13:41:32','2022-09-09 13:41:32',-89,1,'(not associated)',''),
(1730,6,839,'2022-09-09 13:42:05','2022-09-09 13:42:05',-88,2,'(not associated)',''),
(1731,6,840,'2022-09-09 13:42:05','2022-09-09 13:42:05',-86,2,'(not associated)',''),
(1732,6,841,'2022-09-09 13:40:12','2022-09-09 13:42:04',-79,15,'3C:37:12:2E:34:30',''),
(1733,6,842,'2022-09-09 13:40:07','2022-09-09 13:42:19',-90,11,'(not associated)',''),
(1734,6,843,'2022-09-09 13:42:17','2022-09-09 13:42:17',-84,2,'(not associated)',''),
(1735,6,844,'2022-09-09 13:42:30','2022-09-09 13:42:30',-80,2,'(not associated)',''),
(1736,6,845,'2022-09-09 13:42:40','2022-09-09 13:42:40',-87,2,'(not associated)',''),
(1737,6,846,'2022-09-09 13:42:57','2022-09-09 13:42:57',-81,2,'(not associated)',''),
(1738,6,847,'2022-09-09 13:42:56','2022-09-09 13:42:56',-80,2,'(not associated)',''),
(1739,6,848,'2022-09-09 12:27:37','2022-09-09 13:43:09',-56,51,'74:42:7F:59:ED:B1','Warleberg'),
(1740,6,849,'2022-09-09 13:43:28','2022-09-09 13:43:28',-89,3,'(not associated)',''),
(1741,6,850,'2022-09-09 13:03:31','2022-09-09 13:43:28',-87,9,'DC:15:C8:4A:5A:DB',''),
(1742,6,851,'2022-09-09 13:43:53','2022-09-09 13:43:53',-87,1,'(not associated)',''),
(1743,6,852,'2022-09-09 13:43:54','2022-09-09 13:43:54',-87,1,'(not associated)',''),
(1744,6,853,'2022-09-09 13:44:09','2022-09-09 13:44:09',-88,2,'(not associated)',''),
(1745,6,854,'2022-09-09 13:44:17','2022-09-09 13:44:17',-89,2,'(not associated)',''),
(1746,6,855,'2022-09-09 13:44:21','2022-09-09 13:44:21',-87,1,'(not associated)',''),
(1747,6,856,'2022-09-09 13:44:21','2022-09-09 13:44:21',-83,2,'(not associated)',''),
(1748,6,857,'2022-09-09 13:44:28','2022-09-09 13:44:28',-84,4,'(not associated)',''),
(1749,6,858,'2022-09-09 12:10:42','2022-09-09 13:44:41',-68,84,'74:42:7F:59:ED:B1',''),
(1750,6,859,'2022-09-09 13:44:55','2022-09-09 13:44:55',-83,4,'(not associated)',''),
(1751,6,860,'2022-09-09 13:45:06','2022-09-09 13:45:06',-84,2,'(not associated)',''),
(1752,6,861,'2022-09-09 13:45:17','2022-09-09 13:45:17',-83,5,'(not associated)',''),
(1753,6,862,'2022-09-09 13:45:20','2022-09-09 13:45:20',-80,3,'(not associated)',''),
(1754,6,863,'2022-09-09 13:45:28','2022-09-09 13:45:28',-85,1,'(not associated)',''),
(1755,6,864,'2022-09-09 13:45:28','2022-09-09 13:45:28',-80,1,'(not associated)',''),
(1756,6,865,'2022-09-09 13:45:28','2022-09-09 13:45:28',-80,2,'(not associated)',''),
(1757,6,866,'2022-09-09 13:45:52','2022-09-09 13:45:52',-89,1,'(not associated)',''),
(1758,6,867,'2022-09-09 13:45:53','2022-09-09 13:45:53',-87,1,'(not associated)',''),
(1759,6,868,'2022-09-09 12:23:45','2022-09-09 13:45:52',-84,66,'DC:15:C8:4A:5A:DB',''),
(1760,6,869,'2022-09-09 13:46:19','2022-09-09 13:46:19',-81,1,'(not associated)',''),
(1761,6,870,'2022-09-09 12:09:52','2022-09-09 13:46:30',-89,13,'(not associated)',''),
(1762,6,871,'2022-09-09 12:18:39','2022-09-09 13:46:44',-82,70,'74:42:7F:59:ED:B1','Warleberg'),
(1763,6,872,'2022-09-09 12:09:47','2022-09-09 13:47:56',-71,63,'DC:39:6F:C3:58:4D',''),
(1764,6,873,'2022-09-09 13:47:57','2022-09-09 13:47:57',-71,2,'(not associated)',''),
(1765,6,874,'2022-09-09 13:48:33','2022-09-09 13:48:33',-85,3,'(not associated)',''),
(1766,6,875,'2022-09-09 12:09:21','2022-09-09 13:48:28',-82,387,'A0:D8:07:60:BC:94',''),
(1767,6,876,'2022-09-09 12:11:40','2022-09-09 13:48:28',-77,23,'A0:D8:07:60:BC:94',''),
(1768,6,877,'2022-09-09 13:48:44','2022-09-09 13:48:44',-80,1,'(not associated)','FRITZ!Box 7530 QV'),
(1769,6,878,'2022-09-09 13:48:44','2022-09-09 13:48:44',-78,2,'(not associated)','FRITZ!Box 7530 QV'),
(1770,6,879,'2022-09-09 13:48:44','2022-09-09 13:48:44',-78,1,'(not associated)','FRITZ!Box 7530 QV'),
(1771,6,880,'2022-09-09 13:49:17','2022-09-09 13:49:17',-89,2,'(not associated)',''),
(1772,6,881,'2022-09-09 12:15:00','2022-09-09 13:49:00',-88,31,'(not associated)',''),
(1773,6,882,'2022-09-09 13:49:49','2022-09-09 13:49:49',-88,2,'(not associated)',''),
(1774,6,883,'2022-09-09 12:10:04','2022-09-09 13:49:47',-87,967,'(not associated)','gigacube_5G-3460'),
(1775,6,884,'2022-09-09 13:49:47','2022-09-09 13:49:47',-87,1,'(not associated)',''),
(1776,6,885,'2022-09-09 13:49:28','2022-09-09 13:49:28',-85,1,'(not associated)',''),
(1777,6,886,'2022-09-09 13:46:01','2022-09-09 13:49:51',-83,328,'3C:37:12:2E:34:30','FRITZ!Box 7530 QV'),
(1778,6,887,'2022-09-09 12:10:03','2022-09-09 13:49:16',-82,157,'3C:37:12:2E:34:30',''),
(1779,6,888,'2022-09-09 12:09:47','2022-09-09 13:49:03',-79,171,'A0:D8:07:60:BC:94',''),
(1780,6,889,'2022-09-09 12:09:29','2022-09-09 13:49:44',-74,176,'A0:D8:07:60:BC:94','WLAN1-A1R7JB, WLAN1-5G-A1R7JB, WLAN15G-A1R7JB, WLANHS20'),
(1781,6,890,'2022-09-09 13:49:20','2022-09-09 13:49:20',-64,1,'(not associated)',''),
(1782,6,891,'2022-09-09 13:49:52','2022-09-09 13:49:53',-86,3,'(not associated)',''),
(1783,7,595,'2022-09-09 13:48:24','2022-09-09 13:48:24',-49,2,'(not associated)',''),
(1784,7,596,'2022-09-09 13:05:25','2022-09-09 13:47:49',-85,35,'E0:28:6D:3B:83:14','WLAN-747745'),
(1785,7,597,'2022-09-09 13:47:25','2022-09-09 13:47:25',-87,1,'(not associated)',''),
(1786,7,598,'2022-09-09 12:13:54','2022-09-09 13:47:15',-55,163,'74:42:7F:59:ED:B1','Warleberg'),
(1787,7,599,'2022-09-09 13:46:47','2022-09-09 13:46:47',-84,1,'(not associated)',''),
(1788,7,600,'2022-09-09 12:14:20','2022-09-09 13:46:51',-84,78,'74:42:7F:59:ED:B1','Warleberg'),
(1789,7,601,'2022-09-09 13:46:48','2022-09-09 13:46:48',-85,1,'(not associated)',''),
(1790,7,602,'2022-09-09 13:46:48','2022-09-09 13:46:48',-88,2,'(not associated)',''),
(1791,7,603,'2022-09-09 12:20:33','2022-09-09 13:46:48',-88,56,'(not associated)',''),
(1792,7,604,'2022-09-09 12:18:13','2022-09-09 13:46:14',-67,29,'(not associated)','Warleberg'),
(1793,7,605,'2022-09-09 13:46:15','2022-09-09 13:46:15',-84,1,'(not associated)',''),
(1794,7,606,'2022-09-09 13:45:14','2022-09-09 13:45:14',-82,2,'(not associated)',''),
(1795,7,607,'2022-09-09 13:45:10','2022-09-09 13:45:10',-88,2,'(not associated)',''),
(1796,7,608,'2022-09-09 13:44:59','2022-09-09 13:44:59',-82,5,'(not associated)',''),
(1797,7,609,'2022-09-09 13:45:03','2022-09-09 13:45:03',-85,4,'(not associated)',''),
(1798,7,610,'2022-09-09 13:44:29','2022-09-09 13:44:35',-53,13,'(not associated)','Warleberg'),
(1799,7,611,'2022-09-09 13:44:38','2022-09-09 13:44:38',-87,1,'(not associated)',''),
(1800,7,612,'2022-09-09 13:44:13','2022-09-09 13:44:13',-83,1,'(not associated)',''),
(1801,7,613,'2022-09-09 12:19:21','2022-09-09 13:42:35',-44,36,'74:42:7F:59:ED:B0',''),
(1802,7,614,'2022-09-09 13:42:35','2022-09-09 13:42:35',-45,3,'(not associated)',''),
(1803,7,615,'2022-09-09 13:42:38','2022-09-09 13:42:38',-82,1,'(not associated)',''),
(1804,7,616,'2022-09-09 13:42:35','2022-09-09 13:42:35',-86,3,'DC:39:6F:C3:58:4D',''),
(1805,7,617,'2022-09-09 13:41:46','2022-09-09 13:41:46',-89,2,'(not associated)',''),
(1806,7,618,'2022-09-09 13:40:49','2022-09-09 13:40:49',-85,6,'(not associated)',''),
(1807,7,619,'2022-09-09 13:40:35','2022-09-09 13:40:35',-90,1,'(not associated)',''),
(1808,7,620,'2022-09-09 13:37:22','2022-09-09 13:39:59',-87,12,'(not associated)','FRITZ!Box 7590 IO'),
(1809,7,621,'2022-09-09 13:38:11','2022-09-09 13:38:11',-85,1,'(not associated)',''),
(1810,7,622,'2022-09-09 13:38:14','2022-09-09 13:38:14',-90,1,'(not associated)',''),
(1811,7,623,'2022-09-09 13:37:47','2022-09-09 13:37:47',-76,1,'(not associated)',''),
(1812,7,624,'2022-09-09 13:37:36','2022-09-09 13:37:36',-86,2,'(not associated)',''),
(1813,7,625,'2022-09-09 13:37:36','2022-09-09 13:37:36',-87,1,'(not associated)',''),
(1814,7,626,'2022-09-09 13:37:37','2022-09-09 13:37:37',-90,1,'(not associated)',''),
(1815,7,627,'2022-09-09 13:37:02','2022-09-09 13:37:03',-81,6,'(not associated)','WLAN1-5G-A1R7JB'),
(1816,7,628,'2022-09-09 13:36:50','2022-09-09 13:36:50',-46,1,'(not associated)',''),
(1817,7,629,'2022-09-09 12:13:17','2022-09-09 13:36:35',-77,53,'(not associated)','WLAN1-5G-A1R7JB'),
(1818,7,630,'2022-09-09 12:29:05','2022-09-09 13:35:48',-89,16,'(not associated)','WLAN1-5G-A1R7JB'),
(1819,7,631,'2022-09-09 13:34:58','2022-09-09 13:34:58',-89,1,'(not associated)',''),
(1820,7,632,'2022-09-09 13:34:51','2022-09-09 13:34:51',-85,2,'(not associated)',''),
(1821,7,633,'2022-09-09 13:34:48','2022-09-09 13:34:48',-85,2,'(not associated)',''),
(1822,7,634,'2022-09-09 13:34:23','2022-09-09 13:34:23',-81,2,'(not associated)',''),
(1823,7,635,'2022-09-09 13:34:24','2022-09-09 13:34:24',-91,2,'(not associated)',''),
(1824,7,636,'2022-09-09 13:33:34','2022-09-09 13:33:34',-86,1,'(not associated)',''),
(1825,7,637,'2022-09-09 13:31:02','2022-09-09 13:31:02',-78,2,'(not associated)',''),
(1826,7,638,'2022-09-09 13:30:49','2022-09-09 13:30:49',-89,1,'(not associated)',''),
(1827,7,639,'2022-09-09 12:18:25','2022-09-09 13:29:00',-39,15,'(not associated)','Warleberg'),
(1828,7,640,'2022-09-09 12:24:49','2022-09-09 13:27:50',-55,15,'74:42:7F:59:ED:B0',''),
(1829,7,641,'2022-09-09 13:27:47','2022-09-09 13:27:47',-91,2,'(not associated)',''),
(1830,7,642,'2022-09-09 13:25:27','2022-09-09 13:25:27',-86,1,'(not associated)',''),
(1831,7,643,'2022-09-09 12:25:20','2022-09-09 13:20:27',-56,5,'3C:37:12:2E:34:30',''),
(1832,7,644,'2022-09-09 13:19:39','2022-09-09 13:19:39',-77,2,'(not associated)',''),
(1833,7,645,'2022-09-09 13:19:23','2022-09-09 13:19:23',-87,1,'(not associated)',''),
(1834,7,646,'2022-09-09 13:18:50','2022-09-09 13:18:50',-45,2,'(not associated)',''),
(1835,7,647,'2022-09-09 13:18:50','2022-09-09 13:18:50',-89,1,'(not associated)',''),
(1836,7,648,'2022-09-09 13:17:47','2022-09-09 13:17:47',-85,1,'(not associated)',''),
(1837,7,649,'2022-09-09 13:17:35','2022-09-09 13:17:35',-87,1,'(not associated)',''),
(1838,7,650,'2022-09-09 13:17:25','2022-09-09 13:17:25',-87,1,'(not associated)',''),
(1839,7,651,'2022-09-09 13:17:01','2022-09-09 13:17:01',-85,3,'(not associated)',''),
(1840,7,652,'2022-09-09 13:16:02','2022-09-09 13:16:02',-49,1,'(not associated)',''),
(1841,7,653,'2022-09-09 13:13:02','2022-09-09 13:13:02',-80,1,'(not associated)',''),
(1842,7,654,'2022-09-09 13:10:24','2022-09-09 13:10:24',-87,1,'(not associated)',''),
(1843,7,655,'2022-09-09 13:09:47','2022-09-09 13:09:47',-86,2,'(not associated)',''),
(1844,7,656,'2022-09-09 13:08:49','2022-09-09 13:08:49',-87,1,'(not associated)',''),
(1845,7,657,'2022-09-09 13:08:49','2022-09-09 13:08:49',-90,1,'(not associated)',''),
(1846,7,658,'2022-09-09 13:07:50','2022-09-09 13:07:50',-84,2,'(not associated)',''),
(1847,7,659,'2022-09-09 13:07:35','2022-09-09 13:07:35',-85,1,'(not associated)',''),
(1848,7,660,'2022-09-09 13:07:14','2022-09-09 13:07:14',-85,1,'(not associated)',''),
(1849,7,661,'2022-09-09 13:07:14','2022-09-09 13:07:14',-91,2,'(not associated)',''),
(1850,7,662,'2022-09-09 13:06:26','2022-09-09 13:06:26',-95,1,'(not associated)',''),
(1851,7,663,'2022-09-09 13:06:15','2022-09-09 13:06:15',-85,1,'(not associated)',''),
(1852,7,664,'2022-09-09 13:06:11','2022-09-09 13:06:11',-85,2,'(not associated)',''),
(1853,7,665,'2022-09-09 13:04:50','2022-09-09 13:04:50',-89,4,'(not associated)','FRITZ!Box 7590 IO'),
(1854,7,666,'2022-09-09 13:04:34','2022-09-09 13:04:34',-85,4,'(not associated)','wlan-215588'),
(1855,7,667,'2022-09-09 13:02:23','2022-09-09 13:02:23',-94,1,'(not associated)',''),
(1856,7,668,'2022-09-09 13:00:49','2022-09-09 13:00:49',-38,2,'(not associated)',''),
(1857,7,669,'2022-09-09 13:00:11','2022-09-09 13:00:11',-88,2,'(not associated)',''),
(1858,7,670,'2022-09-09 12:59:26','2022-09-09 12:59:26',-78,4,'(not associated)','FRITZ!Box 7530 QV'),
(1859,7,671,'2022-09-09 12:32:33','2022-09-09 12:57:15',-78,19,'A0:D8:07:60:BC:96','WLAN1-5G-A1R7JB'),
(1860,7,672,'2022-09-09 12:52:36','2022-09-09 12:52:36',-87,2,'(not associated)',''),
(1861,7,673,'2022-09-09 12:44:36','2022-09-09 12:44:36',-92,1,'(not associated)',''),
(1862,7,674,'2022-09-09 12:37:37','2022-09-09 12:37:37',-88,1,'(not associated)',''),
(1863,7,675,'2022-09-09 12:36:35','2022-09-09 12:36:35',-71,2,'(not associated)',''),
(1864,7,676,'2022-09-09 12:36:35','2022-09-09 12:36:35',-76,2,'(not associated)',''),
(1865,7,677,'2022-09-09 12:31:14','2022-09-09 12:31:14',-89,4,'(not associated)',''),
(1866,7,678,'2022-09-09 12:27:36','2022-09-09 12:27:36',-54,2,'(not associated)',''),
(1867,7,679,'2022-09-09 12:27:24','2022-09-09 12:27:24',-1,2,'74:42:7F:59:E9:2E',''),
(1868,7,680,'2022-09-09 12:26:37','2022-09-09 12:26:37',-86,1,'(not associated)',''),
(1869,7,681,'2022-09-09 12:26:37','2022-09-09 12:26:37',-87,1,'(not associated)',''),
(1870,7,682,'2022-09-09 12:24:49','2022-09-09 12:24:49',-53,1,'(not associated)',''),
(1871,7,683,'2022-09-09 12:21:02','2022-09-09 12:21:02',-89,1,'(not associated)',''),
(1872,7,684,'2022-09-09 12:20:51','2022-09-09 12:20:51',-83,2,'(not associated)',''),
(1873,7,685,'2022-09-09 12:20:39','2022-09-09 12:20:39',-90,2,'(not associated)',''),
(1874,7,686,'2022-09-09 12:20:27','2022-09-09 12:20:27',-88,2,'(not associated)',''),
(1875,7,687,'2022-09-09 12:20:23','2022-09-09 12:20:23',-89,1,'(not associated)',''),
(1876,7,688,'2022-09-09 12:20:11','2022-09-09 12:20:11',-90,1,'(not associated)',''),
(1877,7,689,'2022-09-09 12:19:46','2022-09-09 12:19:46',-86,1,'(not associated)',''),
(1878,7,690,'2022-09-09 12:19:46','2022-09-09 12:19:46',-90,2,'(not associated)',''),
(1879,7,691,'2022-09-09 12:19:34','2022-09-09 12:19:34',-90,1,'(not associated)',''),
(1880,7,692,'2022-09-09 12:19:14','2022-09-09 12:19:14',-89,2,'(not associated)',''),
(1881,7,693,'2022-09-09 12:19:13','2022-09-09 12:19:13',-89,1,'(not associated)',''),
(1882,7,694,'2022-09-09 12:18:48','2022-09-09 12:18:48',-77,1,'(not associated)','Warleberg'),
(1883,7,695,'2022-09-09 12:18:47','2022-09-09 12:18:47',-83,1,'(not associated)','Warleberg'),
(1884,7,696,'2022-09-09 12:18:49','2022-09-09 12:18:49',-86,2,'(not associated)',''),
(1885,7,697,'2022-09-09 12:18:37','2022-09-09 12:18:37',-87,1,'(not associated)',''),
(1886,7,698,'2022-09-09 12:18:04','2022-09-09 12:18:24',-60,8,'00:25:00:FF:94:73',''),
(1887,7,699,'2022-09-09 12:18:24','2022-09-09 12:18:24',-92,1,'(not associated)',''),
(1888,7,700,'2022-09-09 12:17:49','2022-09-09 12:17:49',-89,2,'(not associated)',''),
(1889,7,701,'2022-09-09 12:17:50','2022-09-09 12:17:50',-90,2,'(not associated)',''),
(1890,7,702,'2022-09-09 12:17:38','2022-09-09 12:17:38',-88,2,'(not associated)',''),
(1891,7,703,'2022-09-09 12:17:11','2022-09-09 12:17:11',-90,1,'(not associated)',''),
(1892,7,704,'2022-09-09 12:17:03','2022-09-09 12:17:03',-89,1,'(not associated)',''),
(1893,7,705,'2022-09-09 12:16:23','2022-09-09 12:16:23',-69,1,'(not associated)','Warleberg'),
(1894,7,706,'2022-09-09 12:16:23','2022-09-09 12:16:23',-69,2,'(not associated)','Warleberg'),
(1895,7,707,'2022-09-09 12:16:23','2022-09-09 12:16:23',-70,1,'(not associated)','Warleberg'),
(1896,7,708,'2022-09-09 12:16:23','2022-09-09 12:16:23',-70,1,'(not associated)','Warleberg'),
(1897,7,709,'2022-09-09 12:15:41','2022-09-09 12:15:51',-87,9,'(not associated)','FRITZ!Box 7590 IO'),
(1898,7,710,'2022-09-09 12:14:58','2022-09-09 12:14:58',-90,1,'(not associated)',''),
(1899,7,711,'2022-09-09 12:14:48','2022-09-09 12:14:48',-83,2,'(not associated)',''),
(1900,7,712,'2022-09-09 12:14:12','2022-09-09 12:14:12',-87,2,'(not associated)',''),
(1901,7,713,'2022-09-09 12:14:14','2022-09-09 12:14:14',-92,1,'(not associated)',''),
(1902,7,714,'2022-09-09 12:13:58','2022-09-09 12:13:58',-78,1,'(not associated)','Warleberg'),
(1903,7,715,'2022-09-09 12:13:58','2022-09-09 12:13:58',-78,1,'(not associated)','Warleberg'),
(1904,7,716,'2022-09-09 12:14:03','2022-09-09 12:14:03',-84,2,'(not associated)',''),
(1905,7,717,'2022-09-09 12:13:38','2022-09-09 12:13:38',-81,1,'(not associated)',''),
(1906,7,718,'2022-09-09 12:13:38','2022-09-09 12:13:38',-82,2,'(not associated)',''),
(1907,7,719,'2022-09-09 12:13:38','2022-09-09 12:13:38',-86,2,'(not associated)',''),
(1908,7,720,'2022-09-09 12:10:43','2022-09-09 12:11:10',-1,3,'DC:15:C8:4A:5A:DB',''),
(1909,7,721,'2022-09-09 12:10:55','2022-09-09 12:10:55',-49,1,'(not associated)',''),
(1910,7,722,'2022-09-09 12:13:09','2022-09-09 12:13:09',-67,2,'(not associated)',''),
(1911,7,723,'2022-09-09 12:13:42','2022-09-09 12:13:42',-84,1,'(not associated)',''),
(1912,7,724,'2022-09-09 12:14:06','2022-09-09 12:14:06',-88,2,'(not associated)',''),
(1913,7,725,'2022-09-09 12:14:06','2022-09-09 12:14:06',-87,1,'(not associated)',''),
(1914,7,726,'2022-09-09 12:14:17','2022-09-09 12:14:17',-71,1,'(not associated)','Warleberg'),
(1915,7,727,'2022-09-09 12:14:17','2022-09-09 12:14:17',-70,1,'(not associated)','Warleberg'),
(1916,7,728,'2022-09-09 12:14:40','2022-09-09 12:14:53',-85,15,'DC:39:6F:A1:93:07',''),
(1917,7,729,'2022-09-09 12:16:05','2022-09-09 12:16:05',-84,1,'(not associated)',''),
(1918,7,730,'2022-09-09 12:16:09','2022-09-09 12:16:09',-83,1,'(not associated)',''),
(1919,7,731,'2022-09-09 12:16:31','2022-09-09 12:16:31',-92,2,'(not associated)',''),
(1920,7,732,'2022-09-09 12:16:53','2022-09-09 12:16:53',-85,3,'(not associated)',''),
(1921,7,733,'2022-09-09 12:17:07','2022-09-09 12:17:07',-75,1,'(not associated)',''),
(1922,7,734,'2022-09-09 12:17:21','2022-09-09 12:17:21',-87,1,'(not associated)',''),
(1923,7,735,'2022-09-09 12:17:18','2022-09-09 12:17:18',-86,3,'(not associated)',''),
(1924,7,736,'2022-09-09 12:17:45','2022-09-09 12:17:45',-85,2,'(not associated)',''),
(1925,7,737,'2022-09-09 12:17:54','2022-09-09 12:17:54',-89,2,'(not associated)',''),
(1926,7,738,'2022-09-09 12:18:20','2022-09-09 12:18:20',-91,2,'(not associated)',''),
(1927,7,739,'2022-09-09 12:18:16','2022-09-09 12:18:16',-86,1,'(not associated)',''),
(1928,7,740,'2022-09-09 12:18:33','2022-09-09 12:18:33',-88,2,'(not associated)',''),
(1929,7,741,'2022-09-09 12:18:57','2022-09-09 12:18:57',-88,2,'(not associated)',''),
(1930,7,742,'2022-09-09 12:18:53','2022-09-09 12:18:53',-86,2,'(not associated)',''),
(1931,7,743,'2022-09-09 12:19:21','2022-09-09 12:19:21',-85,1,'(not associated)',''),
(1932,7,744,'2022-09-09 12:19:21','2022-09-09 12:19:21',-53,2,'(not associated)',''),
(1933,7,745,'2022-09-09 12:19:29','2022-09-09 12:19:29',-88,1,'(not associated)','Warleberg'),
(1934,7,746,'2022-09-09 12:19:29','2022-09-09 12:19:29',-86,1,'(not associated)','Warleberg'),
(1935,7,747,'2022-09-09 12:19:30','2022-09-09 12:19:30',-86,1,'(not associated)',''),
(1936,7,748,'2022-09-09 12:19:30','2022-09-09 12:19:30',-84,1,'(not associated)','Warleberg'),
(1937,7,749,'2022-09-09 12:19:42','2022-09-09 12:19:42',-86,2,'(not associated)',''),
(1938,7,750,'2022-09-09 12:20:07','2022-09-09 12:20:07',-86,2,'(not associated)',''),
(1939,7,751,'2022-09-09 12:20:19','2022-09-09 12:20:19',-85,2,'(not associated)',''),
(1940,7,752,'2022-09-09 12:20:41','2022-09-09 12:20:41',-91,1,'(not associated)',''),
(1941,7,753,'2022-09-09 12:20:41','2022-09-09 12:20:41',-90,1,'(not associated)',''),
(1942,7,754,'2022-09-09 12:20:41','2022-09-09 12:20:41',-89,1,'(not associated)',''),
(1943,7,755,'2022-09-09 12:20:55','2022-09-09 12:20:55',-89,2,'(not associated)',''),
(1944,7,756,'2022-09-09 12:20:52','2022-09-09 12:20:52',-85,2,'(not associated)',''),
(1945,7,757,'2022-09-09 12:24:08','2022-09-09 12:24:08',-44,2,'(not associated)',''),
(1946,7,758,'2022-09-09 12:27:21','2022-09-09 12:27:21',-86,2,'(not associated)',''),
(1947,7,759,'2022-09-09 12:28:29','2022-09-09 12:28:29',-88,2,'(not associated)',''),
(1948,7,760,'2022-09-09 12:29:05','2022-09-09 12:29:05',-86,2,'(not associated)',''),
(1949,7,761,'2022-09-09 12:29:18','2022-09-09 12:29:18',-84,2,'(not associated)',''),
(1950,7,762,'2022-09-09 12:36:32','2022-09-09 12:36:32',-86,1,'(not associated)',''),
(1951,7,763,'2022-09-09 12:36:42','2022-09-09 12:36:42',-88,1,'(not associated)',''),
(1952,7,764,'2022-09-09 12:36:40','2022-09-09 12:36:40',-83,1,'(not associated)',''),
(1953,7,765,'2022-09-09 12:39:57','2022-09-09 12:39:57',-91,2,'(not associated)',''),
(1954,7,766,'2022-09-09 12:41:08','2022-09-09 12:41:08',-64,2,'(not associated)',''),
(1955,7,767,'2022-09-09 12:43:55','2022-09-09 12:43:55',-90,1,'(not associated)',''),
(1956,7,768,'2022-09-09 12:43:52','2022-09-09 12:43:52',-89,1,'(not associated)',''),
(1957,7,769,'2022-09-09 12:45:54','2022-09-09 12:45:54',-65,2,'(not associated)',''),
(1958,7,770,'2022-09-09 12:46:21','2022-09-09 12:46:21',-45,2,'(not associated)',''),
(1959,7,771,'2022-09-09 12:49:21','2022-09-09 12:49:21',-55,2,'(not associated)',''),
(1960,7,772,'2022-09-09 12:50:32','2022-09-09 12:50:32',-69,1,'(not associated)',''),
(1961,7,773,'2022-09-09 12:52:40','2022-09-09 12:52:40',-90,1,'(not associated)',''),
(1962,7,774,'2022-09-09 12:53:06','2022-09-09 12:53:06',-52,2,'(not associated)',''),
(1963,7,775,'2022-09-09 12:19:35','2022-09-09 12:53:33',-86,13,'(not associated)',''),
(1964,7,776,'2022-09-09 12:54:16','2022-09-09 12:54:16',-56,2,'(not associated)',''),
(1965,7,777,'2022-09-09 12:57:40','2022-09-09 12:57:40',-88,2,'(not associated)',''),
(1966,7,778,'2022-09-09 13:02:41','2022-09-09 13:02:41',-89,7,'(not associated)','FRITZ!Box 7530 DP'),
(1967,7,779,'2022-09-09 13:04:21','2022-09-09 13:04:21',-42,2,'(not associated)',''),
(1968,7,780,'2022-09-09 13:06:06','2022-09-09 13:06:06',-89,1,'(not associated)',''),
(1969,7,781,'2022-09-09 13:06:18','2022-09-09 13:06:18',-89,2,'(not associated)',''),
(1970,7,782,'2022-09-09 13:06:17','2022-09-09 13:06:17',-83,1,'(not associated)',''),
(1971,7,783,'2022-09-09 13:06:29','2022-09-09 13:06:29',-86,1,'(not associated)',''),
(1972,7,784,'2022-09-09 13:07:08','2022-09-09 13:07:08',-91,1,'(not associated)',''),
(1973,7,785,'2022-09-09 13:07:45','2022-09-09 13:07:45',-94,1,'(not associated)',''),
(1974,7,786,'2022-09-09 13:08:20','2022-09-09 13:08:20',-87,1,'(not associated)',''),
(1975,7,787,'2022-09-09 13:08:18','2022-09-09 13:08:18',-85,1,'(not associated)',''),
(1976,7,788,'2022-09-09 13:08:33','2022-09-09 13:08:33',-89,1,'(not associated)',''),
(1977,7,789,'2022-09-09 13:08:32','2022-09-09 13:08:32',-78,3,'(not associated)',''),
(1978,7,790,'2022-09-09 13:08:44','2022-09-09 13:08:44',-88,2,'(not associated)',''),
(1979,7,791,'2022-09-09 13:08:52','2022-09-09 13:08:52',-88,1,'(not associated)',''),
(1980,7,792,'2022-09-09 13:08:52','2022-09-09 13:08:52',-87,1,'(not associated)',''),
(1981,7,793,'2022-09-09 13:09:09','2022-09-09 13:09:09',-86,1,'(not associated)',''),
(1982,7,794,'2022-09-09 13:09:21','2022-09-09 13:09:21',-87,1,'(not associated)',''),
(1983,7,795,'2022-09-09 13:10:31','2022-09-09 13:10:31',-87,1,'(not associated)',''),
(1984,7,796,'2022-09-09 13:10:31','2022-09-09 13:10:31',-86,2,'(not associated)',''),
(1985,7,797,'2022-09-09 13:10:31','2022-09-09 13:10:31',-84,1,'(not associated)',''),
(1986,7,798,'2022-09-09 13:11:20','2022-09-09 13:11:20',-86,1,'(not associated)',''),
(1987,7,799,'2022-09-09 13:11:17','2022-09-09 13:11:17',-85,2,'(not associated)',''),
(1988,7,800,'2022-09-09 13:12:16','2022-09-09 13:12:16',-91,2,'(not associated)',''),
(1989,7,801,'2022-09-09 13:12:40','2022-09-09 13:12:40',-86,2,'(not associated)','FRITZ!Box 7530 QV'),
(1990,7,802,'2022-09-09 13:14:19','2022-09-09 13:14:19',-90,1,'(not associated)',''),
(1991,7,803,'2022-09-09 13:14:32','2022-09-09 13:14:32',-92,2,'(not associated)',''),
(1992,7,804,'2022-09-09 13:14:52','2022-09-09 13:14:52',-80,1,'(not associated)',''),
(1993,7,805,'2022-09-09 13:15:06','2022-09-09 13:15:06',-89,1,'(not associated)',''),
(1994,7,806,'2022-09-09 13:15:44','2022-09-09 13:15:44',-87,1,'(not associated)',''),
(1995,7,807,'2022-09-09 13:15:54','2022-09-09 13:15:54',-91,2,'(not associated)',''),
(1996,7,808,'2022-09-09 13:17:04','2022-09-09 13:17:04',-81,2,'(not associated)',''),
(1997,7,809,'2022-09-09 13:17:17','2022-09-09 13:17:17',-93,4,'(not associated)',''),
(1998,7,810,'2022-09-09 13:17:32','2022-09-09 13:17:32',-84,2,'(not associated)',''),
(1999,7,811,'2022-09-09 13:18:43','2022-09-09 13:18:43',-85,1,'(not associated)',''),
(2000,7,812,'2022-09-09 13:18:53','2022-09-09 13:18:53',-89,2,'(not associated)',''),
(2001,7,813,'2022-09-09 13:19:43','2022-09-09 13:19:43',-84,2,'(not associated)',''),
(2002,7,814,'2022-09-09 13:21:28','2022-09-09 13:21:28',-85,1,'(not associated)',''),
(2003,7,815,'2022-09-09 13:21:28','2022-09-09 13:21:28',-81,1,'(not associated)',''),
(2004,7,816,'2022-09-09 12:11:14','2022-09-09 13:25:16',-78,11,'(not associated)','FRITZ! Box 7530FE, FRITZ!Box 7530 QV'),
(2005,7,817,'2022-09-09 13:27:08','2022-09-09 13:27:08',-87,1,'(not associated)',''),
(2006,7,818,'2022-09-09 13:28:44','2022-09-09 13:28:44',-81,4,'(not associated)',''),
(2007,7,819,'2022-09-09 13:28:55','2022-09-09 13:28:55',-86,4,'(not associated)',''),
(2008,7,820,'2022-09-09 13:29:05','2022-09-09 13:29:05',-50,2,'(not associated)',''),
(2009,7,821,'2022-09-09 13:29:57','2022-09-09 13:29:57',-60,2,'(not associated)',''),
(2010,7,822,'2022-09-09 13:33:17','2022-09-09 13:33:17',-87,2,'(not associated)',''),
(2011,7,823,'2022-09-09 13:34:43','2022-09-09 13:34:43',-91,1,'(not associated)',''),
(2012,7,824,'2022-09-09 13:34:43','2022-09-09 13:34:43',-89,1,'(not associated)',''),
(2013,7,825,'2022-09-09 13:34:45','2022-09-09 13:34:45',-83,1,'(not associated)',''),
(2014,7,826,'2022-09-09 13:35:09','2022-09-09 13:35:09',-86,1,'(not associated)',''),
(2015,7,827,'2022-09-09 13:35:17','2022-09-09 13:35:17',-91,1,'(not associated)',''),
(2016,7,828,'2022-09-09 13:35:30','2022-09-09 13:35:30',-88,1,'(not associated)',''),
(2017,7,829,'2022-09-09 13:36:40','2022-09-09 13:36:40',-81,5,'(not associated)',''),
(2018,7,830,'2022-09-09 13:37:06','2022-09-09 13:37:06',-77,2,'(not associated)',''),
(2019,7,831,'2022-09-09 13:38:05','2022-09-09 13:38:05',-52,2,'(not associated)',''),
(2020,7,832,'2022-09-09 13:38:17','2022-09-09 13:38:17',-83,1,'(not associated)',''),
(2021,7,833,'2022-09-09 13:38:15','2022-09-09 13:38:16',-82,16,'DC:15:C8:4A:5A:DB','FRITZ!Box 7590 IO'),
(2022,7,834,'2022-09-09 13:38:08','2022-09-09 13:39:16',-82,2,'(not associated)',''),
(2023,7,835,'2022-09-09 13:39:32','2022-09-09 13:39:32',-88,1,'(not associated)',''),
(2024,7,836,'2022-09-09 13:40:57','2022-09-09 13:40:57',-87,2,'(not associated)',''),
(2025,7,837,'2022-09-09 13:41:18','2022-09-09 13:41:18',-88,1,'(not associated)',''),
(2026,7,838,'2022-09-09 13:41:32','2022-09-09 13:41:32',-89,1,'(not associated)',''),
(2027,7,839,'2022-09-09 13:42:05','2022-09-09 13:42:05',-88,2,'(not associated)',''),
(2028,7,840,'2022-09-09 13:42:05','2022-09-09 13:42:05',-86,2,'(not associated)',''),
(2029,7,841,'2022-09-09 13:40:12','2022-09-09 13:42:04',-79,15,'3C:37:12:2E:34:30',''),
(2030,7,842,'2022-09-09 13:40:07','2022-09-09 13:42:19',-90,11,'(not associated)',''),
(2031,7,843,'2022-09-09 13:42:17','2022-09-09 13:42:17',-84,2,'(not associated)',''),
(2032,7,844,'2022-09-09 13:42:30','2022-09-09 13:42:30',-80,2,'(not associated)',''),
(2033,7,845,'2022-09-09 13:42:40','2022-09-09 13:42:40',-87,2,'(not associated)',''),
(2034,7,846,'2022-09-09 13:42:57','2022-09-09 13:42:57',-81,2,'(not associated)',''),
(2035,7,847,'2022-09-09 13:42:56','2022-09-09 13:42:56',-80,2,'(not associated)',''),
(2036,7,848,'2022-09-09 12:27:37','2022-09-09 13:43:09',-56,51,'74:42:7F:59:ED:B1','Warleberg'),
(2037,7,849,'2022-09-09 13:43:28','2022-09-09 13:43:28',-89,3,'(not associated)',''),
(2038,7,850,'2022-09-09 13:03:31','2022-09-09 13:43:28',-87,9,'DC:15:C8:4A:5A:DB',''),
(2039,7,851,'2022-09-09 13:43:53','2022-09-09 13:43:53',-87,1,'(not associated)',''),
(2040,7,852,'2022-09-09 13:43:54','2022-09-09 13:43:54',-87,1,'(not associated)',''),
(2041,7,853,'2022-09-09 13:44:09','2022-09-09 13:44:09',-88,2,'(not associated)',''),
(2042,7,854,'2022-09-09 13:44:17','2022-09-09 13:44:17',-89,2,'(not associated)',''),
(2043,7,855,'2022-09-09 13:44:21','2022-09-09 13:44:21',-87,1,'(not associated)',''),
(2044,7,856,'2022-09-09 13:44:21','2022-09-09 13:44:21',-83,2,'(not associated)',''),
(2045,7,857,'2022-09-09 13:44:28','2022-09-09 13:44:28',-84,4,'(not associated)',''),
(2046,7,858,'2022-09-09 12:10:42','2022-09-09 13:44:41',-68,84,'74:42:7F:59:ED:B1',''),
(2047,7,859,'2022-09-09 13:44:55','2022-09-09 13:44:55',-83,4,'(not associated)',''),
(2048,7,860,'2022-09-09 13:45:06','2022-09-09 13:45:06',-84,2,'(not associated)',''),
(2049,7,861,'2022-09-09 13:45:17','2022-09-09 13:45:17',-83,5,'(not associated)',''),
(2050,7,862,'2022-09-09 13:45:20','2022-09-09 13:45:20',-80,3,'(not associated)',''),
(2051,7,863,'2022-09-09 13:45:28','2022-09-09 13:45:28',-85,1,'(not associated)',''),
(2052,7,864,'2022-09-09 13:45:28','2022-09-09 13:45:28',-80,1,'(not associated)',''),
(2053,7,865,'2022-09-09 13:45:28','2022-09-09 13:45:28',-80,2,'(not associated)',''),
(2054,7,866,'2022-09-09 13:45:52','2022-09-09 13:45:52',-89,1,'(not associated)',''),
(2055,7,867,'2022-09-09 13:45:53','2022-09-09 13:45:53',-87,1,'(not associated)',''),
(2056,7,868,'2022-09-09 12:23:45','2022-09-09 13:45:52',-84,66,'DC:15:C8:4A:5A:DB',''),
(2057,7,869,'2022-09-09 13:46:19','2022-09-09 13:46:19',-81,1,'(not associated)',''),
(2058,7,870,'2022-09-09 12:09:52','2022-09-09 13:46:30',-89,13,'(not associated)',''),
(2059,7,871,'2022-09-09 12:18:39','2022-09-09 13:46:44',-82,70,'74:42:7F:59:ED:B1','Warleberg'),
(2060,7,872,'2022-09-09 12:09:47','2022-09-09 13:47:56',-71,63,'DC:39:6F:C3:58:4D',''),
(2061,7,873,'2022-09-09 13:47:57','2022-09-09 13:47:57',-71,2,'(not associated)',''),
(2062,7,874,'2022-09-09 13:48:33','2022-09-09 13:48:33',-85,3,'(not associated)',''),
(2063,7,875,'2022-09-09 12:09:21','2022-09-09 13:48:28',-82,387,'A0:D8:07:60:BC:94',''),
(2064,7,876,'2022-09-09 12:11:40','2022-09-09 13:48:28',-77,23,'A0:D8:07:60:BC:94',''),
(2065,7,877,'2022-09-09 13:48:44','2022-09-09 13:48:44',-80,1,'(not associated)','FRITZ!Box 7530 QV'),
(2066,7,878,'2022-09-09 13:48:44','2022-09-09 13:48:44',-78,2,'(not associated)','FRITZ!Box 7530 QV'),
(2067,7,879,'2022-09-09 13:48:44','2022-09-09 13:48:44',-78,1,'(not associated)','FRITZ!Box 7530 QV'),
(2068,7,880,'2022-09-09 13:49:17','2022-09-09 13:49:17',-89,2,'(not associated)',''),
(2069,7,881,'2022-09-09 12:15:00','2022-09-09 13:49:00',-88,31,'(not associated)',''),
(2070,7,882,'2022-09-09 13:49:49','2022-09-09 13:49:49',-88,2,'(not associated)',''),
(2071,7,883,'2022-09-09 12:10:04','2022-09-09 13:49:47',-87,967,'(not associated)','gigacube_5G-3460'),
(2072,7,884,'2022-09-09 13:49:47','2022-09-09 13:49:47',-87,1,'(not associated)',''),
(2073,7,885,'2022-09-09 13:49:28','2022-09-09 13:49:28',-85,1,'(not associated)',''),
(2074,7,886,'2022-09-09 13:46:01','2022-09-09 13:49:51',-83,328,'3C:37:12:2E:34:30','FRITZ!Box 7530 QV'),
(2075,7,887,'2022-09-09 12:10:03','2022-09-09 13:49:16',-82,157,'3C:37:12:2E:34:30',''),
(2076,7,888,'2022-09-09 12:09:47','2022-09-09 13:49:03',-79,171,'A0:D8:07:60:BC:94',''),
(2077,7,889,'2022-09-09 12:09:29','2022-09-09 13:49:44',-74,176,'A0:D8:07:60:BC:94','WLAN1-A1R7JB, WLAN1-5G-A1R7JB, WLAN15G-A1R7JB, WLANHS20'),
(2078,7,890,'2022-09-09 13:49:20','2022-09-09 13:49:20',-64,1,'(not associated)',''),
(2079,7,891,'2022-09-09 13:49:52','2022-09-09 13:49:53',-86,3,'(not associated)',''),
(2080,8,892,'2022-12-28 16:02:23','2022-12-28 16:02:40',-87,20,'C0:25:06:F8:54:CC',''),
(2081,8,893,'2022-12-28 16:02:22','2022-12-28 16:03:15',-86,168,'C0:25:06:F8:54:CC','Sputnik'),
(2082,8,894,'2022-12-28 16:02:22','2022-12-28 16:02:40',-82,76,'C0:25:06:F8:54:CC','Sputnik'),
(2083,8,895,'2022-12-28 16:02:25','2022-12-28 16:03:19',-81,210,'C0:25:06:F8:54:CC','Sputnik'),
(2084,8,896,'2022-12-28 16:02:22','2022-12-28 16:02:40',-80,76,'C0:25:06:F8:54:CC','Sputnik'),
(2085,8,897,'2022-12-28 16:02:40','2022-12-28 16:02:40',-1,1,'C0:25:06:F8:54:CC',''),
(2086,8,898,'2022-12-28 16:02:40','2022-12-28 16:02:40',-1,1,'C0:25:06:F8:54:CC',''),
(2087,8,899,'2022-12-28 16:02:40','2022-12-28 16:02:40',-1,1,'C0:25:06:F8:54:CC',''),
(2088,8,900,'2022-12-28 16:02:40','2022-12-28 16:02:40',-1,1,'C0:25:06:F8:54:CC',''),
(2089,10,595,'2022-09-09 13:48:24','2022-09-09 13:48:24',-49,2,'(not associated)',''),
(2090,10,596,'2022-09-09 13:05:25','2022-09-09 13:47:49',-85,35,'E0:28:6D:3B:83:14','WLAN-747745'),
(2091,10,597,'2022-09-09 13:47:25','2022-09-09 13:47:25',-87,1,'(not associated)',''),
(2092,10,598,'2022-09-09 12:13:54','2022-09-09 13:47:15',-55,163,'74:42:7F:59:ED:B1','Warleberg'),
(2093,10,599,'2022-09-09 13:46:47','2022-09-09 13:46:47',-84,1,'(not associated)',''),
(2094,10,600,'2022-09-09 12:14:20','2022-09-09 13:46:51',-84,78,'74:42:7F:59:ED:B1','Warleberg'),
(2095,10,601,'2022-09-09 13:46:48','2022-09-09 13:46:48',-85,1,'(not associated)',''),
(2096,10,602,'2022-09-09 13:46:48','2022-09-09 13:46:48',-88,2,'(not associated)',''),
(2097,10,603,'2022-09-09 12:20:33','2022-09-09 13:46:48',-88,56,'(not associated)',''),
(2098,10,604,'2022-09-09 12:18:13','2022-09-09 13:46:14',-67,29,'(not associated)','Warleberg'),
(2099,10,605,'2022-09-09 13:46:15','2022-09-09 13:46:15',-84,1,'(not associated)',''),
(2100,10,606,'2022-09-09 13:45:14','2022-09-09 13:45:14',-82,2,'(not associated)',''),
(2101,10,607,'2022-09-09 13:45:10','2022-09-09 13:45:10',-88,2,'(not associated)',''),
(2102,10,608,'2022-09-09 13:44:59','2022-09-09 13:44:59',-82,5,'(not associated)',''),
(2103,10,609,'2022-09-09 13:45:03','2022-09-09 13:45:03',-85,4,'(not associated)',''),
(2104,10,610,'2022-09-09 13:44:29','2022-09-09 13:44:35',-53,13,'(not associated)','Warleberg'),
(2105,10,611,'2022-09-09 13:44:38','2022-09-09 13:44:38',-87,1,'(not associated)',''),
(2106,10,612,'2022-09-09 13:44:13','2022-09-09 13:44:13',-83,1,'(not associated)',''),
(2107,10,613,'2022-09-09 12:19:21','2022-09-09 13:42:35',-44,36,'74:42:7F:59:ED:B0',''),
(2108,10,614,'2022-09-09 13:42:35','2022-09-09 13:42:35',-45,3,'(not associated)',''),
(2109,10,615,'2022-09-09 13:42:38','2022-09-09 13:42:38',-82,1,'(not associated)',''),
(2110,10,616,'2022-09-09 13:42:35','2022-09-09 13:42:35',-86,3,'DC:39:6F:C3:58:4D',''),
(2111,10,617,'2022-09-09 13:41:46','2022-09-09 13:41:46',-89,2,'(not associated)',''),
(2112,10,618,'2022-09-09 13:40:49','2022-09-09 13:40:49',-85,6,'(not associated)',''),
(2113,10,619,'2022-09-09 13:40:35','2022-09-09 13:40:35',-90,1,'(not associated)',''),
(2114,10,620,'2022-09-09 13:37:22','2022-09-09 13:39:59',-87,12,'(not associated)','FRITZ!Box 7590 IO'),
(2115,10,621,'2022-09-09 13:38:11','2022-09-09 13:38:11',-85,1,'(not associated)',''),
(2116,10,622,'2022-09-09 13:38:14','2022-09-09 13:38:14',-90,1,'(not associated)',''),
(2117,10,623,'2022-09-09 13:37:47','2022-09-09 13:37:47',-76,1,'(not associated)',''),
(2118,10,624,'2022-09-09 13:37:36','2022-09-09 13:37:36',-86,2,'(not associated)',''),
(2119,10,625,'2022-09-09 13:37:36','2022-09-09 13:37:36',-87,1,'(not associated)',''),
(2120,10,626,'2022-09-09 13:37:37','2022-09-09 13:37:37',-90,1,'(not associated)',''),
(2121,10,627,'2022-09-09 13:37:02','2022-09-09 13:37:03',-81,6,'(not associated)','WLAN1-5G-A1R7JB'),
(2122,10,628,'2022-09-09 13:36:50','2022-09-09 13:36:50',-46,1,'(not associated)',''),
(2123,10,629,'2022-09-09 12:13:17','2022-09-09 13:36:35',-77,53,'(not associated)','WLAN1-5G-A1R7JB'),
(2124,10,630,'2022-09-09 12:29:05','2022-09-09 13:35:48',-89,16,'(not associated)','WLAN1-5G-A1R7JB'),
(2125,10,631,'2022-09-09 13:34:58','2022-09-09 13:34:58',-89,1,'(not associated)',''),
(2126,10,632,'2022-09-09 13:34:51','2022-09-09 13:34:51',-85,2,'(not associated)',''),
(2127,10,633,'2022-09-09 13:34:48','2022-09-09 13:34:48',-85,2,'(not associated)',''),
(2128,10,634,'2022-09-09 13:34:23','2022-09-09 13:34:23',-81,2,'(not associated)',''),
(2129,10,635,'2022-09-09 13:34:24','2022-09-09 13:34:24',-91,2,'(not associated)',''),
(2130,10,636,'2022-09-09 13:33:34','2022-09-09 13:33:34',-86,1,'(not associated)',''),
(2131,10,637,'2022-09-09 13:31:02','2022-09-09 13:31:02',-78,2,'(not associated)',''),
(2132,10,638,'2022-09-09 13:30:49','2022-09-09 13:30:49',-89,1,'(not associated)',''),
(2133,10,639,'2022-09-09 12:18:25','2022-09-09 13:29:00',-39,15,'(not associated)','Warleberg'),
(2134,10,640,'2022-09-09 12:24:49','2022-09-09 13:27:50',-55,15,'74:42:7F:59:ED:B0',''),
(2135,10,641,'2022-09-09 13:27:47','2022-09-09 13:27:47',-91,2,'(not associated)',''),
(2136,10,642,'2022-09-09 13:25:27','2022-09-09 13:25:27',-86,1,'(not associated)',''),
(2137,10,643,'2022-09-09 12:25:20','2022-09-09 13:20:27',-56,5,'3C:37:12:2E:34:30',''),
(2138,10,644,'2022-09-09 13:19:39','2022-09-09 13:19:39',-77,2,'(not associated)',''),
(2139,10,645,'2022-09-09 13:19:23','2022-09-09 13:19:23',-87,1,'(not associated)',''),
(2140,10,646,'2022-09-09 13:18:50','2022-09-09 13:18:50',-45,2,'(not associated)',''),
(2141,10,647,'2022-09-09 13:18:50','2022-09-09 13:18:50',-89,1,'(not associated)',''),
(2142,10,648,'2022-09-09 13:17:47','2022-09-09 13:17:47',-85,1,'(not associated)',''),
(2143,10,649,'2022-09-09 13:17:35','2022-09-09 13:17:35',-87,1,'(not associated)',''),
(2144,10,650,'2022-09-09 13:17:25','2022-09-09 13:17:25',-87,1,'(not associated)',''),
(2145,10,651,'2022-09-09 13:17:01','2022-09-09 13:17:01',-85,3,'(not associated)',''),
(2146,10,652,'2022-09-09 13:16:02','2022-09-09 13:16:02',-49,1,'(not associated)',''),
(2147,10,653,'2022-09-09 13:13:02','2022-09-09 13:13:02',-80,1,'(not associated)',''),
(2148,10,654,'2022-09-09 13:10:24','2022-09-09 13:10:24',-87,1,'(not associated)',''),
(2149,10,655,'2022-09-09 13:09:47','2022-09-09 13:09:47',-86,2,'(not associated)',''),
(2150,10,656,'2022-09-09 13:08:49','2022-09-09 13:08:49',-87,1,'(not associated)',''),
(2151,10,657,'2022-09-09 13:08:49','2022-09-09 13:08:49',-90,1,'(not associated)',''),
(2152,10,658,'2022-09-09 13:07:50','2022-09-09 13:07:50',-84,2,'(not associated)',''),
(2153,10,659,'2022-09-09 13:07:35','2022-09-09 13:07:35',-85,1,'(not associated)',''),
(2154,10,660,'2022-09-09 13:07:14','2022-09-09 13:07:14',-85,1,'(not associated)',''),
(2155,10,661,'2022-09-09 13:07:14','2022-09-09 13:07:14',-91,2,'(not associated)',''),
(2156,10,662,'2022-09-09 13:06:26','2022-09-09 13:06:26',-95,1,'(not associated)',''),
(2157,10,663,'2022-09-09 13:06:15','2022-09-09 13:06:15',-85,1,'(not associated)',''),
(2158,10,664,'2022-09-09 13:06:11','2022-09-09 13:06:11',-85,2,'(not associated)',''),
(2159,10,665,'2022-09-09 13:04:50','2022-09-09 13:04:50',-89,4,'(not associated)','FRITZ!Box 7590 IO'),
(2160,10,666,'2022-09-09 13:04:34','2022-09-09 13:04:34',-85,4,'(not associated)','wlan-215588'),
(2161,10,667,'2022-09-09 13:02:23','2022-09-09 13:02:23',-94,1,'(not associated)',''),
(2162,10,668,'2022-09-09 13:00:49','2022-09-09 13:00:49',-38,2,'(not associated)',''),
(2163,10,669,'2022-09-09 13:00:11','2022-09-09 13:00:11',-88,2,'(not associated)',''),
(2164,10,670,'2022-09-09 12:59:26','2022-09-09 12:59:26',-78,4,'(not associated)','FRITZ!Box 7530 QV'),
(2165,10,671,'2022-09-09 12:32:33','2022-09-09 12:57:15',-78,19,'A0:D8:07:60:BC:96','WLAN1-5G-A1R7JB'),
(2166,10,672,'2022-09-09 12:52:36','2022-09-09 12:52:36',-87,2,'(not associated)',''),
(2167,10,673,'2022-09-09 12:44:36','2022-09-09 12:44:36',-92,1,'(not associated)',''),
(2168,10,674,'2022-09-09 12:37:37','2022-09-09 12:37:37',-88,1,'(not associated)',''),
(2169,10,675,'2022-09-09 12:36:35','2022-09-09 12:36:35',-71,2,'(not associated)',''),
(2170,10,676,'2022-09-09 12:36:35','2022-09-09 12:36:35',-76,2,'(not associated)',''),
(2171,10,677,'2022-09-09 12:31:14','2022-09-09 12:31:14',-89,4,'(not associated)',''),
(2172,10,678,'2022-09-09 12:27:36','2022-09-09 12:27:36',-54,2,'(not associated)',''),
(2173,10,679,'2022-09-09 12:27:24','2022-09-09 12:27:24',-1,2,'74:42:7F:59:E9:2E',''),
(2174,10,680,'2022-09-09 12:26:37','2022-09-09 12:26:37',-86,1,'(not associated)',''),
(2175,10,681,'2022-09-09 12:26:37','2022-09-09 12:26:37',-87,1,'(not associated)',''),
(2176,10,682,'2022-09-09 12:24:49','2022-09-09 12:24:49',-53,1,'(not associated)',''),
(2177,10,683,'2022-09-09 12:21:02','2022-09-09 12:21:02',-89,1,'(not associated)',''),
(2178,10,684,'2022-09-09 12:20:51','2022-09-09 12:20:51',-83,2,'(not associated)',''),
(2179,10,685,'2022-09-09 12:20:39','2022-09-09 12:20:39',-90,2,'(not associated)',''),
(2180,10,686,'2022-09-09 12:20:27','2022-09-09 12:20:27',-88,2,'(not associated)',''),
(2181,10,687,'2022-09-09 12:20:23','2022-09-09 12:20:23',-89,1,'(not associated)',''),
(2182,10,688,'2022-09-09 12:20:11','2022-09-09 12:20:11',-90,1,'(not associated)',''),
(2183,10,689,'2022-09-09 12:19:46','2022-09-09 12:19:46',-86,1,'(not associated)',''),
(2184,10,690,'2022-09-09 12:19:46','2022-09-09 12:19:46',-90,2,'(not associated)',''),
(2185,10,691,'2022-09-09 12:19:34','2022-09-09 12:19:34',-90,1,'(not associated)',''),
(2186,10,692,'2022-09-09 12:19:14','2022-09-09 12:19:14',-89,2,'(not associated)',''),
(2187,10,693,'2022-09-09 12:19:13','2022-09-09 12:19:13',-89,1,'(not associated)',''),
(2188,10,694,'2022-09-09 12:18:48','2022-09-09 12:18:48',-77,1,'(not associated)','Warleberg'),
(2189,10,695,'2022-09-09 12:18:47','2022-09-09 12:18:47',-83,1,'(not associated)','Warleberg'),
(2190,10,696,'2022-09-09 12:18:49','2022-09-09 12:18:49',-86,2,'(not associated)',''),
(2191,10,697,'2022-09-09 12:18:37','2022-09-09 12:18:37',-87,1,'(not associated)',''),
(2192,10,698,'2022-09-09 12:18:04','2022-09-09 12:18:24',-60,8,'00:25:00:FF:94:73',''),
(2193,10,699,'2022-09-09 12:18:24','2022-09-09 12:18:24',-92,1,'(not associated)',''),
(2194,10,700,'2022-09-09 12:17:49','2022-09-09 12:17:49',-89,2,'(not associated)',''),
(2195,10,701,'2022-09-09 12:17:50','2022-09-09 12:17:50',-90,2,'(not associated)',''),
(2196,10,702,'2022-09-09 12:17:38','2022-09-09 12:17:38',-88,2,'(not associated)',''),
(2197,10,703,'2022-09-09 12:17:11','2022-09-09 12:17:11',-90,1,'(not associated)',''),
(2198,10,704,'2022-09-09 12:17:03','2022-09-09 12:17:03',-89,1,'(not associated)',''),
(2199,10,705,'2022-09-09 12:16:23','2022-09-09 12:16:23',-69,1,'(not associated)','Warleberg'),
(2200,10,706,'2022-09-09 12:16:23','2022-09-09 12:16:23',-69,2,'(not associated)','Warleberg'),
(2201,10,707,'2022-09-09 12:16:23','2022-09-09 12:16:23',-70,1,'(not associated)','Warleberg'),
(2202,10,708,'2022-09-09 12:16:23','2022-09-09 12:16:23',-70,1,'(not associated)','Warleberg'),
(2203,10,709,'2022-09-09 12:15:41','2022-09-09 12:15:51',-87,9,'(not associated)','FRITZ!Box 7590 IO'),
(2204,10,710,'2022-09-09 12:14:58','2022-09-09 12:14:58',-90,1,'(not associated)',''),
(2205,10,711,'2022-09-09 12:14:48','2022-09-09 12:14:48',-83,2,'(not associated)',''),
(2206,10,712,'2022-09-09 12:14:12','2022-09-09 12:14:12',-87,2,'(not associated)',''),
(2207,10,713,'2022-09-09 12:14:14','2022-09-09 12:14:14',-92,1,'(not associated)',''),
(2208,10,714,'2022-09-09 12:13:58','2022-09-09 12:13:58',-78,1,'(not associated)','Warleberg'),
(2209,10,715,'2022-09-09 12:13:58','2022-09-09 12:13:58',-78,1,'(not associated)','Warleberg'),
(2210,10,716,'2022-09-09 12:14:03','2022-09-09 12:14:03',-84,2,'(not associated)',''),
(2211,10,717,'2022-09-09 12:13:38','2022-09-09 12:13:38',-81,1,'(not associated)',''),
(2212,10,718,'2022-09-09 12:13:38','2022-09-09 12:13:38',-82,2,'(not associated)',''),
(2213,10,719,'2022-09-09 12:13:38','2022-09-09 12:13:38',-86,2,'(not associated)',''),
(2214,10,720,'2022-09-09 12:10:43','2022-09-09 12:11:10',-1,3,'DC:15:C8:4A:5A:DB',''),
(2215,10,721,'2022-09-09 12:10:55','2022-09-09 12:10:55',-49,1,'(not associated)',''),
(2216,10,722,'2022-09-09 12:13:09','2022-09-09 12:13:09',-67,2,'(not associated)',''),
(2217,10,723,'2022-09-09 12:13:42','2022-09-09 12:13:42',-84,1,'(not associated)',''),
(2218,10,724,'2022-09-09 12:14:06','2022-09-09 12:14:06',-88,2,'(not associated)',''),
(2219,10,725,'2022-09-09 12:14:06','2022-09-09 12:14:06',-87,1,'(not associated)',''),
(2220,10,726,'2022-09-09 12:14:17','2022-09-09 12:14:17',-71,1,'(not associated)','Warleberg'),
(2221,10,727,'2022-09-09 12:14:17','2022-09-09 12:14:17',-70,1,'(not associated)','Warleberg'),
(2222,10,728,'2022-09-09 12:14:40','2022-09-09 12:14:53',-85,15,'DC:39:6F:A1:93:07',''),
(2223,10,729,'2022-09-09 12:16:05','2022-09-09 12:16:05',-84,1,'(not associated)',''),
(2224,10,730,'2022-09-09 12:16:09','2022-09-09 12:16:09',-83,1,'(not associated)',''),
(2225,10,731,'2022-09-09 12:16:31','2022-09-09 12:16:31',-92,2,'(not associated)',''),
(2226,10,732,'2022-09-09 12:16:53','2022-09-09 12:16:53',-85,3,'(not associated)',''),
(2227,10,733,'2022-09-09 12:17:07','2022-09-09 12:17:07',-75,1,'(not associated)',''),
(2228,10,734,'2022-09-09 12:17:21','2022-09-09 12:17:21',-87,1,'(not associated)',''),
(2229,10,735,'2022-09-09 12:17:18','2022-09-09 12:17:18',-86,3,'(not associated)',''),
(2230,10,736,'2022-09-09 12:17:45','2022-09-09 12:17:45',-85,2,'(not associated)',''),
(2231,10,737,'2022-09-09 12:17:54','2022-09-09 12:17:54',-89,2,'(not associated)',''),
(2232,10,738,'2022-09-09 12:18:20','2022-09-09 12:18:20',-91,2,'(not associated)',''),
(2233,10,739,'2022-09-09 12:18:16','2022-09-09 12:18:16',-86,1,'(not associated)',''),
(2234,10,740,'2022-09-09 12:18:33','2022-09-09 12:18:33',-88,2,'(not associated)',''),
(2235,10,741,'2022-09-09 12:18:57','2022-09-09 12:18:57',-88,2,'(not associated)',''),
(2236,10,742,'2022-09-09 12:18:53','2022-09-09 12:18:53',-86,2,'(not associated)',''),
(2237,10,743,'2022-09-09 12:19:21','2022-09-09 12:19:21',-85,1,'(not associated)',''),
(2238,10,744,'2022-09-09 12:19:21','2022-09-09 12:19:21',-53,2,'(not associated)',''),
(2239,10,745,'2022-09-09 12:19:29','2022-09-09 12:19:29',-88,1,'(not associated)','Warleberg'),
(2240,10,746,'2022-09-09 12:19:29','2022-09-09 12:19:29',-86,1,'(not associated)','Warleberg'),
(2241,10,747,'2022-09-09 12:19:30','2022-09-09 12:19:30',-86,1,'(not associated)',''),
(2242,10,748,'2022-09-09 12:19:30','2022-09-09 12:19:30',-84,1,'(not associated)','Warleberg'),
(2243,10,749,'2022-09-09 12:19:42','2022-09-09 12:19:42',-86,2,'(not associated)',''),
(2244,10,750,'2022-09-09 12:20:07','2022-09-09 12:20:07',-86,2,'(not associated)',''),
(2245,10,751,'2022-09-09 12:20:19','2022-09-09 12:20:19',-85,2,'(not associated)',''),
(2246,10,752,'2022-09-09 12:20:41','2022-09-09 12:20:41',-91,1,'(not associated)',''),
(2247,10,753,'2022-09-09 12:20:41','2022-09-09 12:20:41',-90,1,'(not associated)',''),
(2248,10,754,'2022-09-09 12:20:41','2022-09-09 12:20:41',-89,1,'(not associated)',''),
(2249,10,755,'2022-09-09 12:20:55','2022-09-09 12:20:55',-89,2,'(not associated)',''),
(2250,10,756,'2022-09-09 12:20:52','2022-09-09 12:20:52',-85,2,'(not associated)',''),
(2251,10,757,'2022-09-09 12:24:08','2022-09-09 12:24:08',-44,2,'(not associated)',''),
(2252,10,758,'2022-09-09 12:27:21','2022-09-09 12:27:21',-86,2,'(not associated)',''),
(2253,10,759,'2022-09-09 12:28:29','2022-09-09 12:28:29',-88,2,'(not associated)',''),
(2254,10,760,'2022-09-09 12:29:05','2022-09-09 12:29:05',-86,2,'(not associated)',''),
(2255,10,761,'2022-09-09 12:29:18','2022-09-09 12:29:18',-84,2,'(not associated)',''),
(2256,10,762,'2022-09-09 12:36:32','2022-09-09 12:36:32',-86,1,'(not associated)',''),
(2257,10,763,'2022-09-09 12:36:42','2022-09-09 12:36:42',-88,1,'(not associated)',''),
(2258,10,764,'2022-09-09 12:36:40','2022-09-09 12:36:40',-83,1,'(not associated)',''),
(2259,10,765,'2022-09-09 12:39:57','2022-09-09 12:39:57',-91,2,'(not associated)',''),
(2260,10,766,'2022-09-09 12:41:08','2022-09-09 12:41:08',-64,2,'(not associated)',''),
(2261,10,767,'2022-09-09 12:43:55','2022-09-09 12:43:55',-90,1,'(not associated)',''),
(2262,10,768,'2022-09-09 12:43:52','2022-09-09 12:43:52',-89,1,'(not associated)',''),
(2263,10,769,'2022-09-09 12:45:54','2022-09-09 12:45:54',-65,2,'(not associated)',''),
(2264,10,770,'2022-09-09 12:46:21','2022-09-09 12:46:21',-45,2,'(not associated)',''),
(2265,10,771,'2022-09-09 12:49:21','2022-09-09 12:49:21',-55,2,'(not associated)',''),
(2266,10,772,'2022-09-09 12:50:32','2022-09-09 12:50:32',-69,1,'(not associated)',''),
(2267,10,773,'2022-09-09 12:52:40','2022-09-09 12:52:40',-90,1,'(not associated)',''),
(2268,10,774,'2022-09-09 12:53:06','2022-09-09 12:53:06',-52,2,'(not associated)',''),
(2269,10,775,'2022-09-09 12:19:35','2022-09-09 12:53:33',-86,13,'(not associated)',''),
(2270,10,776,'2022-09-09 12:54:16','2022-09-09 12:54:16',-56,2,'(not associated)',''),
(2271,10,777,'2022-09-09 12:57:40','2022-09-09 12:57:40',-88,2,'(not associated)',''),
(2272,10,778,'2022-09-09 13:02:41','2022-09-09 13:02:41',-89,7,'(not associated)','FRITZ!Box 7530 DP'),
(2273,10,779,'2022-09-09 13:04:21','2022-09-09 13:04:21',-42,2,'(not associated)',''),
(2274,10,780,'2022-09-09 13:06:06','2022-09-09 13:06:06',-89,1,'(not associated)',''),
(2275,10,781,'2022-09-09 13:06:18','2022-09-09 13:06:18',-89,2,'(not associated)',''),
(2276,10,782,'2022-09-09 13:06:17','2022-09-09 13:06:17',-83,1,'(not associated)',''),
(2277,10,783,'2022-09-09 13:06:29','2022-09-09 13:06:29',-86,1,'(not associated)',''),
(2278,10,784,'2022-09-09 13:07:08','2022-09-09 13:07:08',-91,1,'(not associated)',''),
(2279,10,785,'2022-09-09 13:07:45','2022-09-09 13:07:45',-94,1,'(not associated)',''),
(2280,10,786,'2022-09-09 13:08:20','2022-09-09 13:08:20',-87,1,'(not associated)',''),
(2281,10,787,'2022-09-09 13:08:18','2022-09-09 13:08:18',-85,1,'(not associated)',''),
(2282,10,788,'2022-09-09 13:08:33','2022-09-09 13:08:33',-89,1,'(not associated)',''),
(2283,10,789,'2022-09-09 13:08:32','2022-09-09 13:08:32',-78,3,'(not associated)',''),
(2284,10,790,'2022-09-09 13:08:44','2022-09-09 13:08:44',-88,2,'(not associated)',''),
(2285,10,791,'2022-09-09 13:08:52','2022-09-09 13:08:52',-88,1,'(not associated)',''),
(2286,10,792,'2022-09-09 13:08:52','2022-09-09 13:08:52',-87,1,'(not associated)',''),
(2287,10,793,'2022-09-09 13:09:09','2022-09-09 13:09:09',-86,1,'(not associated)',''),
(2288,10,794,'2022-09-09 13:09:21','2022-09-09 13:09:21',-87,1,'(not associated)',''),
(2289,10,795,'2022-09-09 13:10:31','2022-09-09 13:10:31',-87,1,'(not associated)',''),
(2290,10,796,'2022-09-09 13:10:31','2022-09-09 13:10:31',-86,2,'(not associated)',''),
(2291,10,797,'2022-09-09 13:10:31','2022-09-09 13:10:31',-84,1,'(not associated)',''),
(2292,10,798,'2022-09-09 13:11:20','2022-09-09 13:11:20',-86,1,'(not associated)',''),
(2293,10,799,'2022-09-09 13:11:17','2022-09-09 13:11:17',-85,2,'(not associated)',''),
(2294,10,800,'2022-09-09 13:12:16','2022-09-09 13:12:16',-91,2,'(not associated)',''),
(2295,10,801,'2022-09-09 13:12:40','2022-09-09 13:12:40',-86,2,'(not associated)','FRITZ!Box 7530 QV'),
(2296,10,802,'2022-09-09 13:14:19','2022-09-09 13:14:19',-90,1,'(not associated)',''),
(2297,10,803,'2022-09-09 13:14:32','2022-09-09 13:14:32',-92,2,'(not associated)',''),
(2298,10,804,'2022-09-09 13:14:52','2022-09-09 13:14:52',-80,1,'(not associated)',''),
(2299,10,805,'2022-09-09 13:15:06','2022-09-09 13:15:06',-89,1,'(not associated)',''),
(2300,10,806,'2022-09-09 13:15:44','2022-09-09 13:15:44',-87,1,'(not associated)',''),
(2301,10,807,'2022-09-09 13:15:54','2022-09-09 13:15:54',-91,2,'(not associated)',''),
(2302,10,808,'2022-09-09 13:17:04','2022-09-09 13:17:04',-81,2,'(not associated)',''),
(2303,10,809,'2022-09-09 13:17:17','2022-09-09 13:17:17',-93,4,'(not associated)',''),
(2304,10,810,'2022-09-09 13:17:32','2022-09-09 13:17:32',-84,2,'(not associated)',''),
(2305,10,811,'2022-09-09 13:18:43','2022-09-09 13:18:43',-85,1,'(not associated)',''),
(2306,10,812,'2022-09-09 13:18:53','2022-09-09 13:18:53',-89,2,'(not associated)',''),
(2307,10,813,'2022-09-09 13:19:43','2022-09-09 13:19:43',-84,2,'(not associated)',''),
(2308,10,814,'2022-09-09 13:21:28','2022-09-09 13:21:28',-85,1,'(not associated)',''),
(2309,10,815,'2022-09-09 13:21:28','2022-09-09 13:21:28',-81,1,'(not associated)',''),
(2310,10,816,'2022-09-09 12:11:14','2022-09-09 13:25:16',-78,11,'(not associated)','FRITZ! Box 7530FE, FRITZ!Box 7530 QV'),
(2311,10,817,'2022-09-09 13:27:08','2022-09-09 13:27:08',-87,1,'(not associated)',''),
(2312,10,818,'2022-09-09 13:28:44','2022-09-09 13:28:44',-81,4,'(not associated)',''),
(2313,10,819,'2022-09-09 13:28:55','2022-09-09 13:28:55',-86,4,'(not associated)',''),
(2314,10,820,'2022-09-09 13:29:05','2022-09-09 13:29:05',-50,2,'(not associated)',''),
(2315,10,821,'2022-09-09 13:29:57','2022-09-09 13:29:57',-60,2,'(not associated)',''),
(2316,10,822,'2022-09-09 13:33:17','2022-09-09 13:33:17',-87,2,'(not associated)',''),
(2317,10,823,'2022-09-09 13:34:43','2022-09-09 13:34:43',-91,1,'(not associated)',''),
(2318,10,824,'2022-09-09 13:34:43','2022-09-09 13:34:43',-89,1,'(not associated)',''),
(2319,10,825,'2022-09-09 13:34:45','2022-09-09 13:34:45',-83,1,'(not associated)',''),
(2320,10,826,'2022-09-09 13:35:09','2022-09-09 13:35:09',-86,1,'(not associated)',''),
(2321,10,827,'2022-09-09 13:35:17','2022-09-09 13:35:17',-91,1,'(not associated)',''),
(2322,10,828,'2022-09-09 13:35:30','2022-09-09 13:35:30',-88,1,'(not associated)',''),
(2323,10,829,'2022-09-09 13:36:40','2022-09-09 13:36:40',-81,5,'(not associated)',''),
(2324,10,830,'2022-09-09 13:37:06','2022-09-09 13:37:06',-77,2,'(not associated)',''),
(2325,10,831,'2022-09-09 13:38:05','2022-09-09 13:38:05',-52,2,'(not associated)',''),
(2326,10,832,'2022-09-09 13:38:17','2022-09-09 13:38:17',-83,1,'(not associated)',''),
(2327,10,833,'2022-09-09 13:38:15','2022-09-09 13:38:16',-82,16,'DC:15:C8:4A:5A:DB','FRITZ!Box 7590 IO'),
(2328,10,834,'2022-09-09 13:38:08','2022-09-09 13:39:16',-82,2,'(not associated)',''),
(2329,10,835,'2022-09-09 13:39:32','2022-09-09 13:39:32',-88,1,'(not associated)',''),
(2330,10,836,'2022-09-09 13:40:57','2022-09-09 13:40:57',-87,2,'(not associated)',''),
(2331,10,837,'2022-09-09 13:41:18','2022-09-09 13:41:18',-88,1,'(not associated)',''),
(2332,10,838,'2022-09-09 13:41:32','2022-09-09 13:41:32',-89,1,'(not associated)',''),
(2333,10,839,'2022-09-09 13:42:05','2022-09-09 13:42:05',-88,2,'(not associated)',''),
(2334,10,840,'2022-09-09 13:42:05','2022-09-09 13:42:05',-86,2,'(not associated)',''),
(2335,10,841,'2022-09-09 13:40:12','2022-09-09 13:42:04',-79,15,'3C:37:12:2E:34:30',''),
(2336,10,842,'2022-09-09 13:40:07','2022-09-09 13:42:19',-90,11,'(not associated)',''),
(2337,10,843,'2022-09-09 13:42:17','2022-09-09 13:42:17',-84,2,'(not associated)',''),
(2338,10,844,'2022-09-09 13:42:30','2022-09-09 13:42:30',-80,2,'(not associated)',''),
(2339,10,845,'2022-09-09 13:42:40','2022-09-09 13:42:40',-87,2,'(not associated)',''),
(2340,10,846,'2022-09-09 13:42:57','2022-09-09 13:42:57',-81,2,'(not associated)',''),
(2341,10,847,'2022-09-09 13:42:56','2022-09-09 13:42:56',-80,2,'(not associated)',''),
(2342,10,848,'2022-09-09 12:27:37','2022-09-09 13:43:09',-56,51,'74:42:7F:59:ED:B1','Warleberg'),
(2343,10,849,'2022-09-09 13:43:28','2022-09-09 13:43:28',-89,3,'(not associated)',''),
(2344,10,850,'2022-09-09 13:03:31','2022-09-09 13:43:28',-87,9,'DC:15:C8:4A:5A:DB',''),
(2345,10,851,'2022-09-09 13:43:53','2022-09-09 13:43:53',-87,1,'(not associated)',''),
(2346,10,852,'2022-09-09 13:43:54','2022-09-09 13:43:54',-87,1,'(not associated)',''),
(2347,10,853,'2022-09-09 13:44:09','2022-09-09 13:44:09',-88,2,'(not associated)',''),
(2348,10,854,'2022-09-09 13:44:17','2022-09-09 13:44:17',-89,2,'(not associated)',''),
(2349,10,855,'2022-09-09 13:44:21','2022-09-09 13:44:21',-87,1,'(not associated)',''),
(2350,10,856,'2022-09-09 13:44:21','2022-09-09 13:44:21',-83,2,'(not associated)',''),
(2351,10,857,'2022-09-09 13:44:28','2022-09-09 13:44:28',-84,4,'(not associated)',''),
(2352,10,858,'2022-09-09 12:10:42','2022-09-09 13:44:41',-68,84,'74:42:7F:59:ED:B1',''),
(2353,10,859,'2022-09-09 13:44:55','2022-09-09 13:44:55',-83,4,'(not associated)',''),
(2354,10,860,'2022-09-09 13:45:06','2022-09-09 13:45:06',-84,2,'(not associated)',''),
(2355,10,861,'2022-09-09 13:45:17','2022-09-09 13:45:17',-83,5,'(not associated)',''),
(2356,10,862,'2022-09-09 13:45:20','2022-09-09 13:45:20',-80,3,'(not associated)',''),
(2357,10,863,'2022-09-09 13:45:28','2022-09-09 13:45:28',-85,1,'(not associated)',''),
(2358,10,864,'2022-09-09 13:45:28','2022-09-09 13:45:28',-80,1,'(not associated)',''),
(2359,10,865,'2022-09-09 13:45:28','2022-09-09 13:45:28',-80,2,'(not associated)',''),
(2360,10,866,'2022-09-09 13:45:52','2022-09-09 13:45:52',-89,1,'(not associated)',''),
(2361,10,867,'2022-09-09 13:45:53','2022-09-09 13:45:53',-87,1,'(not associated)',''),
(2362,10,868,'2022-09-09 12:23:45','2022-09-09 13:45:52',-84,66,'DC:15:C8:4A:5A:DB',''),
(2363,10,869,'2022-09-09 13:46:19','2022-09-09 13:46:19',-81,1,'(not associated)',''),
(2364,10,870,'2022-09-09 12:09:52','2022-09-09 13:46:30',-89,13,'(not associated)',''),
(2365,10,871,'2022-09-09 12:18:39','2022-09-09 13:46:44',-82,70,'74:42:7F:59:ED:B1','Warleberg'),
(2366,10,872,'2022-09-09 12:09:47','2022-09-09 13:47:56',-71,63,'DC:39:6F:C3:58:4D',''),
(2367,10,873,'2022-09-09 13:47:57','2022-09-09 13:47:57',-71,2,'(not associated)',''),
(2368,10,874,'2022-09-09 13:48:33','2022-09-09 13:48:33',-85,3,'(not associated)',''),
(2369,10,875,'2022-09-09 12:09:21','2022-09-09 13:48:28',-82,387,'A0:D8:07:60:BC:94',''),
(2370,10,876,'2022-09-09 12:11:40','2022-09-09 13:48:28',-77,23,'A0:D8:07:60:BC:94',''),
(2371,10,877,'2022-09-09 13:48:44','2022-09-09 13:48:44',-80,1,'(not associated)','FRITZ!Box 7530 QV'),
(2372,10,878,'2022-09-09 13:48:44','2022-09-09 13:48:44',-78,2,'(not associated)','FRITZ!Box 7530 QV'),
(2373,10,879,'2022-09-09 13:48:44','2022-09-09 13:48:44',-78,1,'(not associated)','FRITZ!Box 7530 QV'),
(2374,10,880,'2022-09-09 13:49:17','2022-09-09 13:49:17',-89,2,'(not associated)',''),
(2375,10,881,'2022-09-09 12:15:00','2022-09-09 13:49:00',-88,31,'(not associated)',''),
(2376,10,882,'2022-09-09 13:49:49','2022-09-09 13:49:49',-88,2,'(not associated)',''),
(2377,10,883,'2022-09-09 12:10:04','2022-09-09 13:49:47',-87,967,'(not associated)','gigacube_5G-3460'),
(2378,10,884,'2022-09-09 13:49:47','2022-09-09 13:49:47',-87,1,'(not associated)',''),
(2379,10,885,'2022-09-09 13:49:28','2022-09-09 13:49:28',-85,1,'(not associated)',''),
(2380,10,886,'2022-09-09 13:46:01','2022-09-09 13:49:51',-83,328,'3C:37:12:2E:34:30','FRITZ!Box 7530 QV'),
(2381,10,887,'2022-09-09 12:10:03','2022-09-09 13:49:16',-82,157,'3C:37:12:2E:34:30',''),
(2382,10,888,'2022-09-09 12:09:47','2022-09-09 13:49:03',-79,171,'A0:D8:07:60:BC:94',''),
(2383,10,889,'2022-09-09 12:09:29','2022-09-09 13:49:44',-74,176,'A0:D8:07:60:BC:94','WLAN1-A1R7JB, WLAN1-5G-A1R7JB, WLAN15G-A1R7JB, WLANHS20'),
(2384,10,890,'2022-09-09 13:49:20','2022-09-09 13:49:20',-64,1,'(not associated)',''),
(2385,10,891,'2022-09-09 13:49:52','2022-09-09 13:49:53',-86,3,'(not associated)',''),
(2386,11,892,'2022-12-28 16:02:23','2022-12-28 16:02:40',-87,20,'C0:25:06:F8:54:CC',''),
(2387,11,893,'2022-12-28 16:02:22','2022-12-28 16:03:15',-86,168,'C0:25:06:F8:54:CC','Sputnik'),
(2388,11,894,'2022-12-28 16:02:22','2022-12-28 16:02:40',-82,76,'C0:25:06:F8:54:CC','Sputnik'),
(2389,11,895,'2022-12-28 16:02:25','2022-12-28 16:03:19',-81,210,'C0:25:06:F8:54:CC','Sputnik'),
(2390,11,896,'2022-12-28 16:02:22','2022-12-28 16:02:40',-80,76,'C0:25:06:F8:54:CC','Sputnik'),
(2391,11,897,'2022-12-28 16:02:40','2022-12-28 16:02:40',-1,1,'C0:25:06:F8:54:CC',''),
(2392,11,898,'2022-12-28 16:02:40','2022-12-28 16:02:40',-1,1,'C0:25:06:F8:54:CC',''),
(2393,11,899,'2022-12-28 16:02:40','2022-12-28 16:02:40',-1,1,'C0:25:06:F8:54:CC',''),
(2394,11,900,'2022-12-28 16:02:40','2022-12-28 16:02:40',-1,1,'C0:25:06:F8:54:CC','');
/*!40000 ALTER TABLE `scan_stations` ENABLE KEYS */;
UNLOCK TABLES;

--
-- Table structure for table `scans`
--

DROP TABLE IF EXISTS `scans`;
/*!40101 SET @saved_cs_client     = @@character_set_client */;
/*!40101 SET character_set_client = utf8mb4 */;
CREATE TABLE `scans` (
  `id` int(11) NOT NULL AUTO_INCREMENT,
  `timestamp` datetime NOT NULL,
  `description` varchar(256) DEFAULT NULL,
  `filename` varchar(32) DEFAULT NULL,
  PRIMARY KEY (`id`)
) ENGINE=InnoDB AUTO_INCREMENT=12 DEFAULT CHARSET=utf8mb3 COLLATE=utf8mb3_bin;
/*!40101 SET character_set_client = @saved_cs_client */;

--
-- Dumping data for table `scans`
--

LOCK TABLES `scans` WRITE;
/*!40000 ALTER TABLE `scans` DISABLE KEYS */;
INSERT INTO `scans` VALUES
(3,'2025-04-25 13:22:44','Imported scan','scan_airodump_elautool.csv'),
(4,'2025-04-25 13:22:46','Imported scan','scan_airodump_elautool.csv'),
(5,'2025-04-25 13:22:47','Imported scan','scan_airodump_elautool.csv'),
(6,'2025-04-25 13:22:49','Imported scan','scan_airodump_elautool.csv'),
(7,'2025-04-25 17:59:44','Imported scan','scan_airodump_elautool.csv'),
(8,'2025-04-25 17:59:44','Imported scan','scan_airodump_01.csv'),
(10,'2025-04-26 08:14:33','Imported scan','scan_airodump_elautool.csv'),
(11,'2025-04-26 08:16:25','Imported scan','scan_airodump_01.csv');
/*!40000 ALTER TABLE `scans` ENABLE KEYS */;
UNLOCK TABLES;

--
-- Table structure for table `stations`
--

DROP TABLE IF EXISTS `stations`;
/*!40101 SET @saved_cs_client     = @@character_set_client */;
/*!40101 SET character_set_client = utf8mb4 */;
CREATE TABLE `stations` (
  `id` int(11) NOT NULL AUTO_INCREMENT,
  `mac` varchar(17) NOT NULL,
  PRIMARY KEY (`id`),
  UNIQUE KEY `ix_stations_mac` (`mac`)
) ENGINE=InnoDB AUTO_INCREMENT=901 DEFAULT CHARSET=utf8mb3 COLLATE=utf8mb3_bin;
/*!40101 SET character_set_client = @saved_cs_client */;

--
-- Dumping data for table `stations`
--

LOCK TABLES `stations` WRITE;
/*!40000 ALTER TABLE `stations` DISABLE KEYS */;
INSERT INTO `stations` VALUES
(893,'00:6E:07:9B:54:5D'),
(896,'00:6E:07:9B:BD:8F'),
(895,'00:6E:07:9F:1A:51'),
(894,'00:6E:07:A0:BD:65'),
(677,'00:87:01:B7:24:4B'),
(849,'02:1F:8D:64:51:77'),
(631,'02:25:B3:19:39:09'),
(826,'02:34:1A:98:C8:3B'),
(736,'02:83:C9:55:B8:E9'),
(731,'03:D9:9E:0B:5C:3D'),
(702,'05:23:9F:2A:6D:45'),
(845,'06:1D:BE:88:40:3D'),
(829,'06:81:5C:D3:C2:66'),
(666,'06:E1:9A:DE:8D:82'),
(756,'09:3C:25:7C:EF:2C'),
(797,'0A:3B:BF:14:1E:25'),
(822,'0A:72:21:BC:AE:12'),
(856,'0A:B7:E8:97:00:88'),
(878,'0A:B9:EB:69:64:89'),
(712,'0A:C9:DF:5B:6F:CC'),
(802,'0A:FA:6F:42:41:5A'),
(686,'0D:BE:82:EA:92:92'),
(874,'0E:34:B5:6B:97:A1'),
(711,'0E:77:A5:B7:3F:BA'),
(859,'0E:94:90:EA:E7:D8'),
(779,'0E:AD:72:6F:5C:90'),
(734,'10:22:64:A8:DB:0A'),
(630,'10:8E:E0:BB:53:44'),
(855,'12:40:6F:CA:06:7A'),
(645,'12:5E:E8:0A:12:F6'),
(602,'12:71:77:D4:FF:60'),
(638,'12:BD:27:82:CB:EB'),
(671,'12:C0:72:49:89:80'),
(764,'12:C4:1B:F1:77:D4'),
(710,'16:83:E3:39:D4:0C'),
(619,'16:EE:90:62:C0:99'),
(786,'1A:06:E5:5E:11:E0'),
(648,'1A:39:10:9D:78:EA'),
(851,'1E:41:FF:8D:92:17'),
(861,'1E:55:35:E0:43:6D'),
(732,'1E:B3:AC:67:15:31'),
(719,'1E:C4:59:31:FE:AB'),
(789,'1E:C5:77:36:7E:F2'),
(796,'1E:F3:D4:C0:33:EA'),
(680,'1F:BC:E8:7C:23:0B'),
(721,'22:2A:01:54:81:61'),
(873,'22:71:E4:DB:8B:77'),
(810,'22:A4:09:54:6E:BA'),
(774,'22:AF:29:C0:AE:82'),
(746,'22:C1:DF:0F:76:F4'),
(881,'24:41:8C:9E:22:0D'),
(870,'24:41:8C:9E:3F:59'),
(897,'24:A1:60:39:F7:A7'),
(722,'26:15:30:7D:7A:09'),
(628,'26:19:27:B7:00:6F'),
(891,'26:48:D5:95:44:EC'),
(616,'26:5B:EC:AE:B9:CB'),
(769,'26:8B:84:34:30:81'),
(669,'28:08:46:AE:4F:38'),
(679,'28:66:E3:F3:27:61'),
(622,'2A:13:00:00:1E:D2'),
(706,'2A:2A:34:93:DA:0D'),
(713,'2A:5C:FC:94:A8:F0'),
(879,'2A:DF:69:4C:4B:14'),
(762,'2A:F6:28:02:E7:ED'),
(685,'2B:A5:2B:B7:8C:41'),
(696,'2C:2B:B4:FA:E9:1D'),
(770,'32:61:0C:E5:2E:78'),
(795,'32:6A:F1:FF:07:6B'),
(821,'32:7A:01:78:23:26'),
(657,'32:F1:82:04:CB:91'),
(850,'32:F9:C8:0C:B4:6B'),
(684,'33:74:FE:EE:E6:94'),
(794,'36:1A:6C:FD:0C:2A'),
(632,'36:74:92:62:9A:1D'),
(785,'36:87:B3:9C:F4:97'),
(739,'37:B5:EF:DA:74:8B'),
(743,'38:0D:2D:69:9B:6D'),
(741,'39:4E:B7:E6:96:58'),
(814,'3A:37:F4:F2:19:5D'),
(716,'3A:4A:10:CF:BA:E2'),
(866,'3A:DA:D4:7F:2F:24'),
(691,'3C:82:9D:B8:86:FC'),
(639,'3C:F0:11:11:F6:BB'),
(790,'3E:3D:27:BB:15:C8'),
(830,'3E:4A:27:16:1F:25'),
(832,'3E:4A:27:58:5D:56'),
(834,'3E:4A:27:69:8B:7B'),
(836,'3E:4A:27:D8:BF:BD'),
(828,'3E:84:C7:9D:23:12'),
(773,'3F:6D:0D:8A:66:4C'),
(887,'40:AA:56:13:21:C3'),
(812,'41:40:35:99:AB:93'),
(772,'42:18:58:3E:71:11'),
(792,'42:AF:8A:F4:78:5C'),
(800,'42:C4:DB:35:3A:C0'),
(690,'43:62:FB:23:9F:18'),
(687,'44:49:CF:E8:E9:AE'),
(629,'46:BF:C8:D6:28:F4'),
(627,'46:BF:C8:F8:7A:1A'),
(763,'46:CE:3F:CC:F2:B9'),
(899,'48:3F:DA:70:A8:5E'),
(888,'48:6D:BB:6C:E1:EA'),
(825,'4A:6A:4C:A6:8A:85'),
(614,'4A:80:32:3D:85:93'),
(651,'4A:AE:6D:A0:E3:F8'),
(626,'4B:8A:A0:58:6B:09'),
(714,'4E:35:D6:1E:DE:C2'),
(813,'4E:77:4F:0F:42:4A'),
(673,'4E:CE:56:9C:F5:FA'),
(655,'52:D4:D5:6C:72:64'),
(864,'56:18:F3:29:39:AE'),
(808,'56:20:2F:D2:62:F1'),
(744,'56:33:7E:02:0C:81'),
(754,'56:46:F5:1D:E1:A2'),
(634,'56:51:B8:2A:9E:B2'),
(637,'5A:0C:C4:79:06:EB'),
(600,'5A:12:F9:E4:90:01'),
(707,'5A:2F:06:3C:EC:40'),
(708,'5A:D9:8A:4B:ED:34'),
(885,'5E:C3:98:53:1D:43'),
(682,'5E:EF:06:1E:E9:7D'),
(694,'62:16:CB:22:D3:D8'),
(658,'62:68:39:1C:13:EA'),
(791,'66:3D:93:9F:B2:A7'),
(675,'66:AD:DA:D6:30:17'),
(643,'68:63:59:C4:32:11'),
(705,'6A:22:F3:A4:78:C1'),
(776,'6A:6A:8B:5C:3E:8D'),
(605,'6A:73:0C:DD:3C:31'),
(718,'6A:7E:9B:86:06:AA'),
(603,'6E:05:53:4B:15:25'),
(759,'72:E0:15:17:58:20'),
(883,'74:40:BE:DC:6D:18'),
(610,'74:42:7F:59:ED:B1'),
(827,'76:02:22:8B:AE:43'),
(860,'76:11:79:79:65:C7'),
(635,'76:6C:40:FC:5E:A2'),
(787,'76:C8:C2:16:71:A4'),
(857,'76:CC:D6:56:8B:8D'),
(805,'79:71:62:F7:E2:2C'),
(659,'7A:3B:49:FD:C5:EE'),
(615,'7A:5C:8E:A8:28:AB'),
(781,'7A:5D:93:4C:50:FC'),
(699,'7A:91:4B:98:7B:8C'),
(838,'7A:AF:66:89:5C:83'),
(742,'7A:B3:B3:05:F9:30'),
(820,'7A:E1:C0:22:B6:56'),
(608,'7A:EB:80:74:C9:C2'),
(835,'7E:F1:63:23:8F:CD'),
(644,'7E:F6:A9:8D:6D:F7'),
(886,'82:8F:14:06:A8:00'),
(717,'82:90:FE:A6:3B:38'),
(683,'82:91:7A:95:C8:36'),
(604,'82:92:86:08:7A:A6'),
(747,'83:55:B6:8F:AA:47'),
(892,'84:4B:F5:26:52:1D'),
(633,'86:53:D5:9E:93:31'),
(692,'87:BE:2F:AF:96:18'),
(596,'88:BF:E4:CA:FF:E0'),
(641,'89:E9:68:98:B6:CF'),
(889,'8A:70:7A:FE:6F:3F'),
(660,'8A:BA:4D:9A:CB:21'),
(642,'8A:BF:E4:8C:8B:8E'),
(862,'8A:DD:14:16:70:4F'),
(837,'8A:FD:48:E0:D0:7A'),
(898,'8C:AA:B5:EC:EC:1B'),
(900,'8C:CE:4E:DC:53:A3'),
(840,'8E:04:D8:93:96:D7'),
(882,'8E:45:6F:67:95:6C'),
(667,'8E:B4:8D:47:89:BB'),
(698,'8E:FD:2F:6E:1F:B5'),
(815,'92:02:63:BE:3E:EB'),
(704,'93:84:5B:0C:94:8F'),
(738,'94:9A:E5:82:0C:7A'),
(625,'96:07:67:59:1F:69'),
(652,'96:3D:1E:25:D3:36'),
(607,'96:97:18:2D:E0:6C'),
(724,'96:D6:A7:4F:37:18'),
(760,'99:57:EC:EA:56:4E'),
(730,'9A:2C:FF:6C:2F:1E'),
(871,'9A:66:C2:90:71:F1'),
(848,'9C:F3:87:B7:92:EE'),
(636,'9E:07:CA:9A:DF:66'),
(806,'9E:6F:AD:66:1A:6D'),
(656,'9E:84:E5:38:57:93'),
(807,'9E:8B:46:76:5C:70'),
(867,'9E:E8:74:AE:FB:C6'),
(755,'9F:40:45:80:B0:ED'),
(751,'9F:52:86:92:3A:BE'),
(745,'A2:9C:0B:B0:40:D3'),
(782,'A2:AF:2D:87:4F:5B'),
(831,'A2:F3:B3:95:05:28'),
(824,'A6:86:09:B7:7B:AB'),
(817,'A6:B3:38:EE:4B:4F'),
(869,'A6:EF:FB:CF:6D:D1'),
(875,'A8:34:6A:AF:73:D4'),
(672,'A9:93:34:B7:2C:FD'),
(733,'AA:39:E5:56:EA:5B'),
(766,'AA:AC:8E:F4:DA:65'),
(846,'AA:C8:B0:6B:F2:DC'),
(646,'AE:8C:B7:45:B3:C9'),
(847,'AE:D6:28:13:69:61'),
(877,'B2:13:BE:87:9C:D6'),
(715,'B2:67:EA:31:5A:56'),
(750,'B2:D7:5F:44:49:8D'),
(841,'B2:F0:19:71:2D:15'),
(737,'B5:C7:28:5F:E6:CA'),
(748,'B6:59:EA:F8:A7:A4'),
(843,'BA:D7:29:D2:DB:0F'),
(650,'BA:E0:17:44:D1:85'),
(752,'BA:E2:F7:DD:4C:F6'),
(624,'BC:F7:3F:05:45:D6'),
(784,'BE:10:B3:DD:D5:AC'),
(664,'BE:A6:EF:A7:8D:EB'),
(701,'C0:AF:83:64:50:A1'),
(818,'C2:1B:65:F8:35:48'),
(819,'C2:53:3A:A0:4D:93'),
(623,'C2:7E:47:7D:65:45'),
(880,'C2:85:39:A4:40:83'),
(729,'C2:A5:17:F5:D2:58'),
(788,'C2:CC:E6:4D:54:22'),
(640,'C2:FF:00:12:1D:91'),
(720,'C6:3A:58:DF:CE:D9'),
(612,'C6:55:D7:5D:EE:B2'),
(611,'C6:6C:CF:D3:EF:0F'),
(649,'C6:9B:5B:8E:2E:F6'),
(749,'C8:30:A8:EA:64:5F'),
(674,'C9:C6:12:EF:B8:56'),
(654,'CA:4B:89:FD:B8:B4'),
(726,'CA:5E:50:EC:B7:20'),
(618,'CA:F3:37:A0:E1:47'),
(697,'CC:02:2E:91:7E:15'),
(771,'CE:6B:D4:F8:CE:70'),
(598,'CE:87:E9:AB:12:DC'),
(668,'CE:F8:81:6C:4D:F0'),
(723,'D2:34:01:99:7D:D8'),
(753,'D2:67:52:97:03:A2'),
(854,'D2:72:87:50:69:CA'),
(725,'D2:B8:3F:DE:0B:CA'),
(809,'D2:C5:10:9E:90:A7'),
(647,'D3:1A:0E:08:DC:EC'),
(798,'D3:38:BC:12:94:AF'),
(804,'D6:40:D9:AF:12:50'),
(609,'D6:4D:29:99:6E:D7'),
(890,'D6:A1:96:03:82:89'),
(621,'D6:C5:56:7C:A0:AE'),
(757,'D6:C8:08:38:97:19'),
(735,'D6:DE:16:C4:75:06'),
(703,'D8:5A:13:AC:3D:5E'),
(872,'D8:9C:67:75:2C:73'),
(858,'D8:FB:D6:C5:F7:2E'),
(768,'D9:A4:F6:33:8F:CC'),
(803,'DA:2E:87:11:DA:BA'),
(606,'DA:68:1A:5B:66:69'),
(665,'DA:A1:19:2D:96:60'),
(775,'DA:A1:19:41:1B:C6'),
(778,'DA:A1:19:7E:A8:2D'),
(844,'DA:A1:19:82:6F:2B'),
(620,'DA:A1:19:8A:9E:DC'),
(842,'DA:A1:19:D5:AF:68'),
(670,'DA:A1:19:DA:B3:8E'),
(663,'DA:FB:53:2C:5B:FC'),
(709,'DC:15:C8:4A:5A:DB'),
(767,'DD:5E:8F:8F:0C:64'),
(662,'DE:3A:26:86:51:13'),
(661,'DE:85:E1:53:25:77'),
(863,'DE:8E:98:8D:0D:CF'),
(740,'DE:93:A1:D5:60:D3'),
(758,'DE:C7:47:D0:3C:63'),
(693,'DE:DD:74:AE:B4:F0'),
(801,'E0:AA:96:4E:F3:60'),
(833,'E2:5B:75:C2:19:D4'),
(678,'E2:CD:5C:4F:8C:32'),
(765,'E5:2E:82:36:3B:18'),
(688,'E5:77:64:51:04:3A'),
(868,'E6:03:37:9F:47:86'),
(780,'E6:5F:D8:B9:C4:DF'),
(597,'E6:8A:3D:84:BC:CF'),
(653,'E6:B6:CC:81:6E:DE'),
(700,'E7:41:DD:B8:AE:32'),
(777,'E9:09:E9:F8:1A:8E'),
(599,'EA:49:FD:EB:9E:60'),
(617,'EA:6B:70:A0:04:65'),
(823,'EA:77:5D:CD:9B:E9'),
(799,'EB:30:00:D2:5D:2A'),
(811,'EE:35:56:CA:27:00'),
(601,'EE:46:B8:0D:25:96'),
(676,'EE:68:FB:66:69:3E'),
(695,'F2:15:B8:95:9F:69'),
(884,'F2:77:42:AB:A8:75'),
(761,'F2:84:F8:14:31:B2'),
(783,'F2:F5:AC:39:FE:0F'),
(816,'F4:30:8B:4B:D0:0A'),
(853,'F6:26:29:27:D9:A0'),
(793,'F6:30:ED:99:42:EB'),
(595,'F6:3F:21:CB:B0:F9'),
(876,'F8:0D:60:09:0E:A8'),
(689,'F8:81:8B:5F:4F:95'),
(681,'F9:1C:E1:AC:55:25'),
(727,'FA:50:8E:17:1B:7B'),
(839,'FA:8E:E1:46:90:D1'),
(613,'FA:B8:4F:CF:67:F0'),
(865,'FA:DB:DE:E3:CD:EF'),
(728,'FE:95:23:2F:87:97'),
(852,'FE:BC:B4:A3:80:28');
/*!40000 ALTER TABLE `stations` ENABLE KEYS */;
UNLOCK TABLES;

--
-- Table structure for table `tokens`
--

DROP TABLE IF EXISTS `tokens`;
/*!40101 SET @saved_cs_client     = @@character_set_client */;
/*!40101 SET character_set_client = utf8mb4 */;
CREATE TABLE `tokens` (
  `id` int(11) NOT NULL AUTO_INCREMENT,
  `access_token` varchar(64) NOT NULL,
  `access_expiration` datetime NOT NULL,
  `refresh_token` varchar(64) NOT NULL,
  `refresh_expiration` datetime NOT NULL,
  `user_id` int(11) NOT NULL,
  PRIMARY KEY (`id`),
  KEY `ix_tokens_access_token` (`access_token`),
  KEY `ix_tokens_refresh_token` (`refresh_token`),
  KEY `ix_tokens_user_id` (`user_id`),
  CONSTRAINT `fk_tokens_user_id_users` FOREIGN KEY (`user_id`) REFERENCES `users` (`id`)
) ENGINE=InnoDB AUTO_INCREMENT=71 DEFAULT CHARSET=utf8mb3 COLLATE=utf8mb3_bin;
/*!40101 SET character_set_client = @saved_cs_client */;

--
-- Dumping data for table `tokens`
--

LOCK TABLES `tokens` WRITE;
/*!40000 ALTER TABLE `tokens` DISABLE KEYS */;
INSERT INTO `tokens` VALUES
(1,'gqv9_zH8xt4e-ErWwu7gpM1lxztSl879HU8iMv6r1cA','2025-04-21 09:02:47','-puj2qh6YxlTmaZraDYEWt6WmmGuFuayJaO5i0ca_lc','2025-04-28 08:47:47',11),
(4,'W-oc0P7hWO8xhq17DVY-uUkLl8TvY8Vo54ktwlYynA8','2025-04-21 11:52:56','1dvD0fu916JQ0G8TU8MfDUdLBIF9Kmt2kqof154mhUI','2025-04-28 11:37:56',11),
(5,'_0za-CY_CeW8WTW8uEzXgM73jxcCibNSAyPF2Kh_0FE','2025-04-21 11:52:56','aKZHOq9oFJZzH-HwlP14j7BiXcSI5d4WBJ1rTzNpfkk','2025-04-28 11:37:56',11),
(6,'k4J0sjn82JO_xl06710K1t-VJiY1Z2hIpGgSRLQlSCg','2025-04-22 07:43:01','XNMRapefTAf1fCGELEVGGa8psuS_p1Qyc1pUe-DSQaA','2025-04-29 07:28:01',11),
(7,'2HlG-sMNiTZWB2k2VXKITcsvSBwZZr5BexlfU-izPQY','2025-04-22 07:48:31','VstHj0OhxnwJlwtyFDVH2CAxIrN0AMs3TpO_h1eFzt0','2025-04-29 07:33:31',11),
(9,'bFFFszBd691giI9cAgUF5K-AiIxuxOrGW02wAoZ1vsI','2025-04-22 18:43:22','CzuNqo0Vpdea2qWvNsVQOpG21zHFw_j7ey5z9KJsxuk','2025-04-29 18:28:22',11),
(11,'mVU8XbQih3X1xetfMm_-QfIrRlgsdoF4BcMRVHjVuKU','2025-04-22 19:17:23','rGgj9kQ_89urqUw_n88XksgvWQ4gYzMJD5u5OtXsaUU','2025-04-29 19:02:23',11),
(13,'ZVtXHAReNtvnrDoVd6fPT39WjNOljXDMZKikjjc8aFw','2025-04-22 19:32:36','Llbme6d5cUkCrBoUWzOKcWnNFv2XJcMLZUw8gfAn3VY','2025-04-29 19:17:36',11),
(15,'_GRXUdYJmHmw_dBDCnWbcRN0xzYB6IOJAh803qZZtKc','2025-04-22 19:52:17','jOtS6uRNPkWsvwXczyac-2VqN2HGdAjE3rOA-5ppAqc','2025-04-29 19:37:17',11),
(17,'verFZFQlsyzg87olXp7CfBsTDCQIG8CgOZcWqt646cQ','2025-04-22 20:07:39','p3bxf8ozFsHDmAPYQLmJEOldSUx2aI_FFEu5C3rVshs','2025-04-29 19:52:39',11),
(18,'chyijKQRZHlWyeY9sS6KXOm0-JGKaQLk6n0HX9_G2Ns','2025-04-22 20:07:39','F0TMAWubLM1ihSGWNcM12dBe3LJpQYfjLLtG9Bb-4xc','2025-04-29 19:52:39',11),
(20,'2104hv5MWIxkmQWvAdjpTzTMmet6omkqq7y0PNamcOI','2025-04-23 08:02:56','2cK6abE9CojPq3cP5tvxv29xPiybw6H_Y729a0DhKaw','2025-04-30 07:47:56',11),
(22,'o0nGl4aHMrCTqvdJxcXQhEDYpfuzajFhVw4aYWekgic','2025-04-23 08:19:14','z7qGT7cmcMrU2XSpjxFDSudDis6dJhys_W9z0uP08sk','2025-04-30 08:04:14',11),
(25,'HW5jEGZ3Ve2ZSdh-cJkdHgJv_Zsm5BXflxoxkftStWM','2025-04-23 08:38:04','3w0WoRpYSluT-Vrwci-8aktDm6TeuPHDvWDhlSD9XCo','2025-04-30 08:23:04',11),
(26,'Z0EErdjFa2IbxbZwbj209uLLoMAHGnpGs-YEDp6sTBw','2025-04-23 09:00:01','d5a-5KySyDxxiunPzX8VlbXe8Sp9OHfuFzS45rW8BWY','2025-04-30 08:45:01',11),
(27,'uqdmreiy_oOhvW6vLk-AoI21c-4JUiEy7VsvTNe_mnE','2025-04-23 09:00:02','FVrgW9DmCC-SIo3n_UgbUKlXzyy8OiTjD9KzL0tHJ5c','2025-04-30 08:45:02',11),
(29,'IRb9_saWAijT_zQgyl0IKHr2d9woThTgCHTbYuBoaSI','2025-04-23 17:36:35','6ebvaxOtCfVl438xT9vy_lH5BAW8_qGBuVJBxji_jCc','2025-04-30 17:21:35',11),
(31,'-X2Nkd8ttsujsEb3xAcmYHOhRTXCw19KWdZQZqK7qGM','2025-04-23 19:04:33','s15Ya0jHqidrobm_w439JHpa7c2BMo6N30rFBRBdfQo','2025-04-30 18:49:33',11),
(33,'EhnM-fvFpCXPyXfH9WYjB4AzQpVKSHBByXlhPudFQCw','2025-04-23 19:21:40','jgoepCbi1me70PBHJWn4n5PIKwUGcS19xwsr4zShhNU','2025-04-30 19:06:40',11),
(35,'mOt6bzgL7wULR5SQlqcQasuqtcA2JdQXW5HTLsx5E5I','2025-04-23 19:38:25','BhXU56rkruNmSNQrd50M-Ncj-QG2naut6rRNPxkbGIc','2025-04-30 19:23:25',11),
(36,'_Xq6_JVZAF8KCVKO95zr6tdMk3g7K_j-4S-wykuAN3Q','2025-04-23 19:38:25','3Y_QJK4dINGPZk9lkTnsaXI9dtzpzlGBwMO_C9XVUv8','2025-04-30 19:23:25',11),
(38,'fV954_NgR98JFm8GvnXhF60IWyW77DVDq-C3ukmAoXI','2025-04-24 06:42:42','ooUvGMi4DO0fpbBR7gEDFfW2e5cPMO5PiOzWq2oq_Wg','2025-05-01 06:27:42',11),
(40,'0tM7XmygaOnHpiyUnCf3Q49MrKuKnQAOViGNE_05Mzg','2025-04-24 07:36:05','nhoBato1K7fphDsSm-N-UghVJFxbNCJVGYwUogPm_mY','2025-05-01 07:21:05',11),
(42,'mPJXUyn5Wh-kIq1QtA1DdThVOp5NAgD_zsUwa97wogo','2025-04-24 08:02:41','kuEfUmxNoe67OcKJY-LvE7q9ZUNoIdGEo3qGeM6Tvts','2025-05-01 07:47:41',11),
(43,'N2l1rji9r6oVCyitZjgyTgK1ewIV8VopLf1j1GJevSs','2025-04-24 08:02:41','haSVnOvp1w60geGfU2SY9JWKWChOvaPcqZXr3-xIGok','2025-05-01 07:47:41',11),
(44,'muorlQkzeQDyK07WpwQ_XaJvnL1IPNVCK5nLwhgGzWY','2025-04-25 06:07:57','q2arYa5VYah2VPVb7PkgcBQb24aQLj4-MmV5eIc9emo','2025-05-02 05:52:57',11),
(45,'H3askS0bRitWVrjGFMVKjwKgrFYc6zX-h9YJuBRNbuA','2025-04-25 13:13:19','hZU-8kJnFYsnXLrPsIzDIjystdh2h4rzm7eWMEWGOA8','2025-04-25 13:13:19',11),
(46,'HuioiFfJkP7pRNHy54Nu2PWKAe5FYYo-LlaTCz38W9o','2025-04-25 13:28:14','gGIHdfzwnh9eQG6ANKzCXZ3bbNkjf0xwJJTd3EyLfkY','2025-05-02 13:13:14',11),
(47,'-y0tJ9WptrNED1Y6DlUYeyUCwyw7GVlyqK0Y527QwyU','2025-04-25 13:48:42','rqbvrXXVTu5AOR_bbiC42UKGCRjX1BCneIRulC-Ccq8','2025-04-25 13:48:42',11),
(48,'5kiEJ7tEQJ2OlVeb3352KRWdralqL9oiLQn7FeDJQXA','2025-04-25 14:03:37','0ZHyCKhOZeUbf-5Nqo71UglRFTJGMYsrR66QuOJ845A','2025-05-02 13:48:37',11),
(49,'-wljx2S-RztAsiYWgnlqW3FDYXcEuAIlMsbPovObJcA','2025-04-25 14:04:50','q75YGMxcIqy8FK0_hLUfeZyaYz4cT9ou7dM8G0j7oJA','2025-04-25 14:04:50',11),
(50,'L1dR9L9T8Er9jVklXWLIRJQzHUqm5rwNeycmQ45NEb4','2025-04-25 14:19:45','3Sl5GxP92PbMuiA9YcQZNHUHPoZONu8oR8a6vrOja5U','2025-05-02 14:04:45',11),
(51,'7je_Cpf70Mybdc5w3_ovdfTjSpDNliMG0RpzwoJCoaQ','2025-04-25 14:26:03','o3fmpHB8_Ipd2Mwa-pT6UU1JAxo8i-talAYXFbXoRBE','2025-04-25 14:26:03',11),
(52,'8lMNBRTWHkCXSsS-OeQpcnZOn-lpZPjo_aSCXZ0vel8','2025-04-25 14:40:58','NCHPFVIp_Mf2Dr2bvomcQzhBEfXIDPy-UdFSpPnwR3I','2025-05-02 14:25:58',11),
(53,'WKdoK0lJyreaE1Ig1-5goCVMoqfIsJ4tApSCWq7MyFk','2025-04-25 14:43:12','ecV1PJjPc6a1x78nWY8ERdEVa8QnAFb5WbQCEdOA80Y','2025-04-25 14:43:12',11),
(54,'NTXyJr8_3CQ0QKbWO0xmFBuRUPSG_cH0N8Kkl-IHBJI','2025-04-25 14:58:07','wqBMW7rXHXcvdZZKdDTZJlIVKJuX-paQi7xQs5HXnp0','2025-05-02 14:43:07',11),
(55,'Koh4P_FU8f1mAhlrrUXeJxrHFqzZlnUY0TwMbyWjl6s','2025-04-25 14:58:59','WNMAvDZW1Pb3v6wVmLWk6cvrGpF4oiyByYQRv2ThuW4','2025-04-25 14:58:59',11),
(56,'aWQPne_Bimw_NKWgAzUA-94ixCe3fzG0nifGl3acSX8','2025-04-25 15:13:53','6vkFP_DjtxxHZa3v_xkK8Obv2sCPe79u6xcDCuX-RMQ','2025-05-02 14:58:53',11),
(57,'NpqHnmCI4iua_CIqczo8FeSGi1MqCUhhJ4wfuHx3UGc','2025-04-25 15:13:54','uh2A0vCO5VQUr91LitiIm5qIqU8Xx-VacoeyouuNXJ4','2025-05-02 14:58:54',11),
(58,'8m2pbNNROjeik9Rr4zK6Y8GyeBYIz1MXsxu54r0JxNk','2025-04-25 18:16:46','eJhSUKGEPDpTk3BgqpSvPL6IcEwV3uSvj3SYjvLZFhM','2025-04-25 18:16:46',11),
(59,'cks0uK_oCrBoTQtZbCAkhh51bgF5_oOb0aXsc1N1HlE','2025-04-25 18:31:41','AHIZATwri0tLstfLTQiEVMTNEQz4jyU2cm5dAqXQkxg','2025-05-02 18:16:41',11),
(60,'87-sSxo-CXD7tCXK5HSLmVTE68ECw0wK3nTdJmUsdoo','2025-04-25 18:35:50','hgwKysRXbENoR0EAZwDRequTT6hrky698RNKsJhPVtE','2025-04-25 18:35:50',11),
(61,'BTTOhOK8GLfc-ttaH-fyoGOLGoFCI6mh7B95V_uI7kY','2025-04-25 18:50:45','mKjPHHjlSiDAa068ffMNyl_z6n0vMEH1fl8K8r3G-Hk','2025-05-02 18:35:45',11),
(62,'ouYASmmCOyzrziB_medglVOlyIupC9QTqC1xb5CJ6Nk','2025-04-25 18:55:15','mujnhwcD8xiZsPyQd-S553YCQDVJPv0awvgUwcEZkVs','2025-04-25 18:55:15',11),
(63,'gux0-mDUNZoxodDDOd5Zt48QzT9Wi09phQS3Kq569vo','2025-04-25 19:10:10','jdrwBYyiFUz3LzKFng-qIbEMPbXl6a2uuB6-iGAWGmg','2025-05-02 18:55:10',11),
(64,'s4j7jwoERKtzCWyqwbQZLVoB-uteGJ2SA24EYinUusY','2025-04-25 19:47:33','WQ2RtY7YDt0vNaYBqpOhNI9LHVSvrHFgdeBl1ucQYMY','2025-04-25 19:47:33',11),
(65,'jMExRmJbBoOgq0hHkJTI88HOfSST1F2SDD17tOSkU4A','2025-04-25 20:02:28','ttjZU4QDgmbEklp4A28dS5OEBLKRZVZvdYHxXk_-fmg','2025-05-02 19:47:28',11),
(66,'6ND15bAaFSxeR1MBthCwNGjDrkQLvl1qVbTXo9Gj8ME','2025-04-25 19:47:42','hYsSDYDPQNJw6DyZVbp_euwx-aFMpKm_EM4Lyt-Y_hM','2025-04-25 19:47:42',11),
(67,'gJ9w9DIDWcd9xTEf2toXhE6Bsk_oNzFxfe1srePzpYk','2025-04-25 19:48:36','tyOHKIPweV3joci9TY6S3CyvmvRgCRvwn3Dx9R79yCc','2025-04-25 19:48:36',11),
(68,'uc0vbloVaFe53LdcHTtrM0JvSaTDYhA3Xsa-1YbyXHs','2025-04-25 20:19:45','p6KxfUqbpakzB3FyBzKpLgYsF1jm26WVmYOeDYTSwak','2025-05-02 20:04:45',11),
(69,'re9SN79o_3SMwmYuPabpGHkbf8Hm92VigSpg9eaE5Dg','2025-04-25 20:21:48','F-PF0FnWqP_zkjWI-oNmpCQug6KlcejhiY_7oKiit0M','2025-05-02 20:06:48',11),
(70,'QUDcAbZstXwTc2qmoNBFQnutEA5IFu5SffBTpt7GEas','2025-04-26 08:25:53','FmAzVtlpx_tR0YeVJF0ZKhSz0LXWhZ80jf_NWBa9f8k','2025-05-03 08:10:53',11);
/*!40000 ALTER TABLE `tokens` ENABLE KEYS */;
UNLOCK TABLES;

--
-- Table structure for table `users`
--

DROP TABLE IF EXISTS `users`;
/*!40101 SET @saved_cs_client     = @@character_set_client */;
/*!40101 SET character_set_client = utf8mb4 */;
CREATE TABLE `users` (
  `id` int(11) NOT NULL AUTO_INCREMENT,
  `username` varchar(64) NOT NULL,
  `email` varchar(120) NOT NULL,
  `password_hash` varchar(256) DEFAULT NULL,
  `about_me` varchar(140) DEFAULT NULL,
  `first_seen` datetime NOT NULL,
  `last_seen` datetime NOT NULL,
  PRIMARY KEY (`id`),
  UNIQUE KEY `ix_users_email` (`email`),
  UNIQUE KEY `ix_users_username` (`username`)
) ENGINE=InnoDB AUTO_INCREMENT=12 DEFAULT CHARSET=utf8mb3 COLLATE=utf8mb3_bin;
/*!40101 SET character_set_client = @saved_cs_client */;

--
-- Dumping data for table `users`
--

LOCK TABLES `users` WRITE;
/*!40000 ALTER TABLE `users` DISABLE KEYS */;
INSERT INTO `users` VALUES
(1,'johnrobles','tiffany96@example.net',NULL,'Off enjoy network.','2025-04-21 08:46:26','2025-04-21 08:46:26'),
(2,'berrymichael','ecooper@example.org',NULL,'What like say major gas career job.','2025-04-21 08:46:26','2025-04-21 08:46:26'),
(3,'kevinweiss','npadilla@example.org',NULL,'Black stage west decade next special child.','2025-04-21 08:46:26','2025-04-21 08:46:26'),
(4,'hurleynathan','davidsilva@example.net',NULL,'Pick skill agreement network.','2025-04-21 08:46:26','2025-04-21 08:46:26'),
(5,'donald70','ocampbell@example.com',NULL,'Happy board shoulder professional not cut.','2025-04-21 08:46:26','2025-04-21 08:46:26'),
(6,'angelaesparza','beckersandy@example.net',NULL,'Size compare expert similar never system.','2025-04-21 08:46:26','2025-04-21 08:46:26'),
(7,'angela81','paul90@example.net',NULL,'Hand drug policy value start green.','2025-04-21 08:46:26','2025-04-21 08:46:26'),
(8,'fmoran','perezevan@example.org',NULL,'Establish us interest order.','2025-04-21 08:46:26','2025-04-21 08:46:26'),
(9,'gjoyce','thomas67@example.com',NULL,'Night today western rise more.','2025-04-21 08:46:26','2025-04-21 08:46:26'),
(10,'scott02','curtisward@example.com',NULL,'Participant what hear.','2025-04-21 08:46:26','2025-04-21 08:46:26'),
(11,'soenke','mantu@gmx.de','scrypt:32768:8:1$B4UnGUQMUWxz5moQ$4fb94a61ca607829de531620e7b6aa65448c60c7fb2a1d440eeb957348e06d20d1cb87daea91724f3bd98dfe706bcb3d632106c75ec0d001c4bd6b928d682920',NULL,'2025-04-21 08:47:39','2025-04-26 08:14:06');
/*!40000 ALTER TABLE `users` ENABLE KEYS */;
UNLOCK TABLES;
/*!40103 SET TIME_ZONE=@OLD_TIME_ZONE */;

/*!40101 SET SQL_MODE=@OLD_SQL_MODE */;
/*!40014 SET FOREIGN_KEY_CHECKS=@OLD_FOREIGN_KEY_CHECKS */;
/*!40014 SET UNIQUE_CHECKS=@OLD_UNIQUE_CHECKS */;
/*!40101 SET CHARACTER_SET_CLIENT=@OLD_CHARACTER_SET_CLIENT */;
/*!40101 SET CHARACTER_SET_RESULTS=@OLD_CHARACTER_SET_RESULTS */;
/*!40101 SET COLLATION_CONNECTION=@OLD_COLLATION_CONNECTION */;
/*!40111 SET SQL_NOTES=@OLD_SQL_NOTES */;

-- Dump completed on 2025-04-26 10:25:49
